htitem_id	title	author	date	rights	OCLC	LCCN	ISBN	catalog_url	handle_url
uc1.32106019841342	Parliamentary debates (Hansard) v.281	New Zealand. Parliament	0000-00-00	17	248552646,173355174,4826506,173322878			https://catalog.hathitrust.org/Record/007119315	https://hdl.handle.net/2027/uc1.32106019841342
uc1.32106019841359	Parliamentary debates (Hansard) v.282	New Zealand. Parliament	0000-00-00	17	248552646,173355174,4826506,173322878			https://catalog.hathitrust.org/Record/007119315	https://hdl.handle.net/2027/uc1.32106019841359
uc1.32106019841375	Parliamentary debates (Hansard) v.284	New Zealand. Parliament	0000-00-00	17	248552646,173355174,4826506,173322878			https://catalog.hathitrust.org/Record/007119315	https://hdl.handle.net/2027/uc1.32106019841375
uc1.32106019841417	Parliamentary debates (Hansard) v.288	New Zealand. Parliament	0000-00-00	17	248552646,173355174,4826506,173322878			https://catalog.hathitrust.org/Record/007119315	https://hdl.handle.net/2027/uc1.32106019841417
uc1.32106019841508	Parliamentary debates (Hansard) v.293	New Zealand. Parliament	0000-00-00	17	248552646,173355174,4826506,173322878			https://catalog.hathitrust.org/Record/007119315	https://hdl.handle.net/2027/uc1.32106019841508
uc1.32106019841516	Parliamentary debates (Hansard) v.294	New Zealand. Parliament	0000-00-00	17	248552646,173355174,4826506,173322878			https://catalog.hathitrust.org/Record/007119315	https://hdl.handle.net/2027/uc1.32106019841516
uc1.32106019841532	Parliamentary debates (Hansard) v.295	New Zealand. Parliament	0000-00-00	17	248552646,173355174,4826506,173322878			https://catalog.hathitrust.org/Record/007119315	https://hdl.handle.net/2027/uc1.32106019841532
uc1.32106019841540	Parliamentary debates (Hansard) v.296	New Zealand. Parliament	0000-00-00	17	248552646,173355174,4826506,173322878			https://catalog.hathitrust.org/Record/007119315	https://hdl.handle.net/2027/uc1.32106019841540
uc1.32106019841557	Parliamentary debates (Hansard) v.297	New Zealand. Parliament	0000-00-00	17	248552646,173355174,4826506,173322878			https://catalog.hathitrust.org/Record/007119315	https://hdl.handle.net/2027/uc1.32106019841557
uc1.32106019841565	Parliamentary debates (Hansard) v.298	New Zealand. Parliament	0000-00-00	17	248552646,173355174,4826506,173322878			https://catalog.hathitrust.org/Record/007119315	https://hdl.handle.net/2027/uc1.32106019841565
uc1.32106019841573	Parliamentary debates (Hansard) v.299	New Zealand. Parliament	0000-00-00	17	248552646,173355174,4826506,173322878			https://catalog.hathitrust.org/Record/007119315	https://hdl.handle.net/2027/uc1.32106019841573
uc1.32106019841581	Parliamentary debates (Hansard) v.300	New Zealand. Parliament	0000-00-00	17	248552646,173355174,4826506,173322878			https://catalog.hathitrust.org/Record/007119315	https://hdl.handle.net/2027/uc1.32106019841581
uc1.32106019841599	Parliamentary debates (Hansard) v.301	New Zealand. Parliament	0000-00-00	17	248552646,173355174,4826506,173322878			https://catalog.hathitrust.org/Record/007119315	https://hdl.handle.net/2027/uc1.32106019841599
uc1.32106019841615	Parliamentary debates (Hansard) v.303	New Zealand. Parliament	0000-00-00	17	248552646,173355174,4826506,173322878			https://catalog.hathitrust.org/Record/007119315	https://hdl.handle.net/2027/uc1.32106019841615
uc1.32106019841623	Parliamentary debates (Hansard) v.304	New Zealand. Parliament	0000-00-00	17	248552646,173355174,4826506,173322878			https://catalog.hathitrust.org/Record/007119315	https://hdl.handle.net/2027/uc1.32106019841623
uc1.32106019841631	Parliamentary debates (Hansard) v.305	New Zealand. Parliament	0000-00-00	17	248552646,173355174,4826506,173322878			https://catalog.hathitrust.org/Record/007119315	https://hdl.handle.net/2027/uc1.32106019841631
uc1.32106019841649	Parliamentary debates (Hansard) v.306	New Zealand. Parliament	0000-00-00	17	248552646,173355174,4826506,173322878			https://catalog.hathitrust.org/Record/007119315	https://hdl.handle.net/2027/uc1.32106019841649
uc1.32106019841664	Parliamentary debates (Hansard) v.308	New Zealand. Parliament	0000-00-00	17	248552646,173355174,4826506,173322878			https://catalog.hathitrust.org/Record/007119315	https://hdl.handle.net/2027/uc1.32106019841664
uc1.32106019841672	Parliamentary debates (Hansard) v.309	New Zealand. Parliament	0000-00-00	17	248552646,173355174,4826506,173322878			https://catalog.hathitrust.org/Record/007119315	https://hdl.handle.net/2027/uc1.32106019841672
uc1.32106019841680	Parliamentary debates (Hansard) v.311	New Zealand. Parliament	0000-00-00	17	248552646,173355174,4826506,173322878			https://catalog.hathitrust.org/Record/007119315	https://hdl.handle.net/2027/uc1.32106019841680
uc1.32106019841698	Parliamentary debates (Hansard) v.312	New Zealand. Parliament	0000-00-00	17	248552646,173355174,4826506,173322878			https://catalog.hathitrust.org/Record/007119315	https://hdl.handle.net/2027/uc1.32106019841698
uc1.32106019841714	Parliamentary debates (Hansard) v.314	New Zealand. Parliament	0000-00-00	17	248552646,173355174,4826506,173322878			https://catalog.hathitrust.org/Record/007119315	https://hdl.handle.net/2027/uc1.32106019841714
uc1.32106019841722	Parliamentary debates (Hansard) v.315	New Zealand. Parliament	0000-00-00	17	248552646,173355174,4826506,173322878			https://catalog.hathitrust.org/Record/007119315	https://hdl.handle.net/2027/uc1.32106019841722
uc1.32106019841730	Parliamentary debates (Hansard) v.316	New Zealand. Parliament	0000-00-00	17	248552646,173355174,4826506,173322878			https://catalog.hathitrust.org/Record/007119315	https://hdl.handle.net/2027/uc1.32106019841730
uc1.32106019841748	Parliamentary debates (Hansard) v.317	New Zealand. Parliament	0000-00-00	17	248552646,173355174,4826506,173322878			https://catalog.hathitrust.org/Record/007119315	https://hdl.handle.net/2027/uc1.32106019841748
uc1.32106019841755	Parliamentary debates (Hansard) v.318	New Zealand. Parliament	0000-00-00	17	248552646,173355174,4826506,173322878			https://catalog.hathitrust.org/Record/007119315	https://hdl.handle.net/2027/uc1.32106019841755
uc1.32106019841763	Parliamentary debates (Hansard) v.319	New Zealand. Parliament	0000-00-00	17	248552646,173355174,4826506,173322878			https://catalog.hathitrust.org/Record/007119315	https://hdl.handle.net/2027/uc1.32106019841763
uc1.32106019841771	Parliamentary debates (Hansard) v.320	New Zealand. Parliament	0000-00-00	17	248552646,173355174,4826506,173322878			https://catalog.hathitrust.org/Record/007119315	https://hdl.handle.net/2027/uc1.32106019841771
uc1.32106019841789	Parliamentary debates (Hansard) v.321	New Zealand. Parliament	0000-00-00	17	248552646,173355174,4826506,173322878			https://catalog.hathitrust.org/Record/007119315	https://hdl.handle.net/2027/uc1.32106019841789
uc1.32106019841805	Parliamentary debates (Hansard) v.323	New Zealand. Parliament	0000-00-00	17	248552646,173355174,4826506,173322878			https://catalog.hathitrust.org/Record/007119315	https://hdl.handle.net/2027/uc1.32106019841805
uc1.32106019841813	Parliamentary debates (Hansard) v.324	New Zealand. Parliament	0000-00-00	17	248552646,173355174,4826506,173322878			https://catalog.hathitrust.org/Record/007119315	https://hdl.handle.net/2027/uc1.32106019841813
uc1.32106019841839	Parliamentary debates (Hansard) v.327	New Zealand. Parliament	0000-00-00	17	248552646,173355174,4826506,173322878			https://catalog.hathitrust.org/Record/007119315	https://hdl.handle.net/2027/uc1.32106019841839
uc1.32106019841847	Parliamentary debates (Hansard) v.328	New Zealand. Parliament	0000-00-00	17	248552646,173355174,4826506,173322878			https://catalog.hathitrust.org/Record/007119315	https://hdl.handle.net/2027/uc1.32106019841847
uc1.32106019841862	Parliamentary debates (Hansard) v.330	New Zealand. Parliament	0000-00-00	17	248552646,173355174,4826506,173322878			https://catalog.hathitrust.org/Record/007119315	https://hdl.handle.net/2027/uc1.32106019841862
uc1.32106019841870	Parliamentary debates (Hansard) v.331	New Zealand. Parliament	0000-00-00	17	248552646,173355174,4826506,173322878			https://catalog.hathitrust.org/Record/007119315	https://hdl.handle.net/2027/uc1.32106019841870
uc1.32106019841888	Parliamentary debates (Hansard) v.332	New Zealand. Parliament	0000-00-00	17	248552646,173355174,4826506,173322878			https://catalog.hathitrust.org/Record/007119315	https://hdl.handle.net/2027/uc1.32106019841888
uc1.32106019841904	Parliamentary debates (Hansard) v.334	New Zealand. Parliament	0000-00-00	17	248552646,173355174,4826506,173322878			https://catalog.hathitrust.org/Record/007119315	https://hdl.handle.net/2027/uc1.32106019841904
uc1.32106019841912	Parliamentary debates (Hansard) v.335	New Zealand. Parliament	0000-00-00	17	248552646,173355174,4826506,173322878			https://catalog.hathitrust.org/Record/007119315	https://hdl.handle.net/2027/uc1.32106019841912
uc1.32106019841920	Parliamentary debates (Hansard) v.336	New Zealand. Parliament	0000-00-00	17	248552646,173355174,4826506,173322878			https://catalog.hathitrust.org/Record/007119315	https://hdl.handle.net/2027/uc1.32106019841920
uc1.32106019740171	Parliamentary debates (Hansard) 1854-55	New Zealand. Parliament	1855-00-00	17	248552646,173355174,4826506,173322878			https://catalog.hathitrust.org/Record/007119315	https://hdl.handle.net/2027/uc1.32106019740171
uc1.32106019740189	Parliamentary debates (Hansard) 1856-58	New Zealand. Parliament	1858-00-00	17	248552646,173355174,4826506,173322878			https://catalog.hathitrust.org/Record/007119315	https://hdl.handle.net/2027/uc1.32106019740189
uc1.32106019740197	Parliamentary debates (Hansard) 1858-60	New Zealand. Parliament	1860-00-00	17	248552646,173355174,4826506,173322878			https://catalog.hathitrust.org/Record/007119315	https://hdl.handle.net/2027/uc1.32106019740197
uc1.32106019740205	Parliamentary debates (Hansard) 1861-63	New Zealand. Parliament	1863-00-00	17	248552646,173355174,4826506,173322878			https://catalog.hathitrust.org/Record/007119315	https://hdl.handle.net/2027/uc1.32106019740205
uc1.32106019740213	Parliamentary debates (Hansard) 1864-66	New Zealand. Parliament	1866-00-00	17	248552646,173355174,4826506,173322878			https://catalog.hathitrust.org/Record/007119315	https://hdl.handle.net/2027/uc1.32106019740213
uc1.32106019740221	Parliamentary debates (Hansard) v.1 pt.1 1867	New Zealand. Parliament	1867-00-00	17	248552646,173355174,4826506,173322878			https://catalog.hathitrust.org/Record/007119315	https://hdl.handle.net/2027/uc1.32106019740221
uc1.32106019740247	Parliamentary debates (Hansard) v.1 pt.2 1867	New Zealand. Parliament	1867-00-00	17	248552646,173355174,4826506,173322878			https://catalog.hathitrust.org/Record/007119315	https://hdl.handle.net/2027/uc1.32106019740247
uc1.32106019740239	Parliamentary debates (Hansard) v.2 1868	New Zealand. Parliament	1868-00-00	17	248552646,173355174,4826506,173322878			https://catalog.hathitrust.org/Record/007119315	https://hdl.handle.net/2027/uc1.32106019740239
uc1.32106019740270	Parliamentary debates (Hansard) v.5 1869	New Zealand. Parliament	1869-00-00	17	248552646,173355174,4826506,173322878			https://catalog.hathitrust.org/Record/007119315	https://hdl.handle.net/2027/uc1.32106019740270
uc1.32106015265777	Parliamentary debates (Hansard) v.7 1870	New Zealand. Parliament	1870-00-00	17	248552646,173355174,4826506,173322878			https://catalog.hathitrust.org/Record/007119315	https://hdl.handle.net/2027/uc1.32106015265777
uc1.32106019740296	Parliamentary debates (Hansard) v.8 1870	New Zealand. Parliament	1870-00-00	17	248552646,173355174,4826506,173322878			https://catalog.hathitrust.org/Record/007119315	https://hdl.handle.net/2027/uc1.32106019740296
uc1.32106019740304	Parliamentary debates (Hansard) v.9 1870	New Zealand. Parliament	1870-00-00	17	248552646,173355174,4826506,173322878			https://catalog.hathitrust.org/Record/007119315	https://hdl.handle.net/2027/uc1.32106019740304
uc1.32106019740312	Parliamentary debates (Hansard) v.10 1871	New Zealand. Parliament	1871-00-00	17	248552646,173355174,4826506,173322878			https://catalog.hathitrust.org/Record/007119315	https://hdl.handle.net/2027/uc1.32106019740312
uc1.32106019740320	Parliamentary debates (Hansard) v.11 1871	New Zealand. Parliament	1871-00-00	17	248552646,173355174,4826506,173322878			https://catalog.hathitrust.org/Record/007119315	https://hdl.handle.net/2027/uc1.32106019740320
uc1.32106019740346	Parliamentary debates (Hansard) v.13 1872	New Zealand. Parliament	1872-00-00	17	248552646,173355174,4826506,173322878			https://catalog.hathitrust.org/Record/007119315	https://hdl.handle.net/2027/uc1.32106019740346
uc1.32106019740361	Parliamentary debates (Hansard) v.16 1874	New Zealand. Parliament	1874-00-00	17	248552646,173355174,4826506,173322878			https://catalog.hathitrust.org/Record/007119315	https://hdl.handle.net/2027/uc1.32106019740361
uc1.32106019787149	Parliamentary debates (Hansard) v.17 1875	New Zealand. Parliament	1875-00-00	17	248552646,173355174,4826506,173322878			https://catalog.hathitrust.org/Record/007119315	https://hdl.handle.net/2027/uc1.32106019787149
uc1.32106019787164	Parliamentary debates (Hansard) v.19 1875	New Zealand. Parliament	1875-00-00	17	248552646,173355174,4826506,173322878			https://catalog.hathitrust.org/Record/007119315	https://hdl.handle.net/2027/uc1.32106019787164
uc1.32106019787180	Parliamentary debates (Hansard) v.21 1876	New Zealand. Parliament	1876-00-00	17	248552646,173355174,4826506,173322878			https://catalog.hathitrust.org/Record/007119315	https://hdl.handle.net/2027/uc1.32106019787180
uc1.32106019787198	Parliamentary debates (Hansard) v.22 1876	New Zealand. Parliament	1876-00-00	17	248552646,173355174,4826506,173322878			https://catalog.hathitrust.org/Record/007119315	https://hdl.handle.net/2027/uc1.32106019787198
uc1.32106019787206	Parliamentary debates (Hansard) v.23 1876	New Zealand. Parliament	1876-00-00	17	248552646,173355174,4826506,173322878			https://catalog.hathitrust.org/Record/007119315	https://hdl.handle.net/2027/uc1.32106019787206
uc1.32106019787214	Parliamentary debates (Hansard) v.24 1877	New Zealand. Parliament	1877-00-00	17	248552646,173355174,4826506,173322878			https://catalog.hathitrust.org/Record/007119315	https://hdl.handle.net/2027/uc1.32106019787214
uc1.32106019787230	Parliamentary debates (Hansard) v.26 1877	New Zealand. Parliament	1877-00-00	17	248552646,173355174,4826506,173322878			https://catalog.hathitrust.org/Record/007119315	https://hdl.handle.net/2027/uc1.32106019787230
uc1.32106015356980	Parliamentary debates (Hansard) v.27 1877	New Zealand. Parliament	1877-00-00	17	248552646,173355174,4826506,173322878			https://catalog.hathitrust.org/Record/007119315	https://hdl.handle.net/2027/uc1.32106015356980
uc1.32106019787305	Parliamentary debates (Hansard) v.33 1879	New Zealand. Parliament	1879-00-00	17	248552646,173355174,4826506,173322878			https://catalog.hathitrust.org/Record/007119315	https://hdl.handle.net/2027/uc1.32106019787305
uc1.32106019787313	Parliamentary debates (Hansard) v.34 1879	New Zealand. Parliament	1879-00-00	17	248552646,173355174,4826506,173322878			https://catalog.hathitrust.org/Record/007119315	https://hdl.handle.net/2027/uc1.32106019787313
uc1.b2889853	Parliamentary debates (Hansard) 1879:2	New Zealand. Parliament	1879-00-00	17	248552646,173355174,4826506,173322878			https://catalog.hathitrust.org/Record/007119315	https://hdl.handle.net/2027/uc1.b2889853
uc1.32106015456103	Parliamentary debates (Hansard) v.37 1880	New Zealand. Parliament	1880-00-00	17	248552646,173355174,4826506,173322878			https://catalog.hathitrust.org/Record/007119315	https://hdl.handle.net/2027/uc1.32106015456103
uc1.32106019787339	Parliamentary debates (Hansard) v.38 1881	New Zealand. Parliament	1881-00-00	17	248552646,173355174,4826506,173322878			https://catalog.hathitrust.org/Record/007119315	https://hdl.handle.net/2027/uc1.32106019787339
uc1.32106019787354	Parliamentary debates (Hansard) v.40 1881	New Zealand. Parliament	1881-00-00	17	248552646,173355174,4826506,173322878			https://catalog.hathitrust.org/Record/007119315	https://hdl.handle.net/2027/uc1.32106019787354
uc1.32106019787362	Parliamentary debates (Hansard) v.41 1882	New Zealand. Parliament	1882-00-00	17	248552646,173355174,4826506,173322878			https://catalog.hathitrust.org/Record/007119315	https://hdl.handle.net/2027/uc1.32106019787362
uc1.32106019787370	Parliamentary debates (Hansard) v.42 1882	New Zealand. Parliament	1882-00-00	17	248552646,173355174,4826506,173322878			https://catalog.hathitrust.org/Record/007119315	https://hdl.handle.net/2027/uc1.32106019787370
uc1.32106019787388	Parliamentary debates (Hansard) v.43 1882	New Zealand. Parliament	1882-00-00	17	248552646,173355174,4826506,173322878			https://catalog.hathitrust.org/Record/007119315	https://hdl.handle.net/2027/uc1.32106019787388
uc1.32106019787404	Parliamentary debates (Hansard) v.45 1883	New Zealand. Parliament	1883-00-00	17	248552646,173355174,4826506,173322878			https://catalog.hathitrust.org/Record/007119315	https://hdl.handle.net/2027/uc1.32106019787404
uc1.32106019787412	Parliamentary debates (Hansard) v.46 1883	New Zealand. Parliament	1883-00-00	17	248552646,173355174,4826506,173322878			https://catalog.hathitrust.org/Record/007119315	https://hdl.handle.net/2027/uc1.32106019787412
uc1.32106019787438	Parliamentary debates (Hansard) v.48 1884	New Zealand. Parliament	1884-00-00	17	248552646,173355174,4826506,173322878			https://catalog.hathitrust.org/Record/007119315	https://hdl.handle.net/2027/uc1.32106019787438
uc1.32106019787446	Parliamentary debates (Hansard) v.49 1884	New Zealand. Parliament	1884-00-00	17	248552646,173355174,4826506,173322878			https://catalog.hathitrust.org/Record/007119315	https://hdl.handle.net/2027/uc1.32106019787446
uc1.32106019787453	Parliamentary debates (Hansard) v.50 1884	New Zealand. Parliament	1884-00-00	17	248552646,173355174,4826506,173322878			https://catalog.hathitrust.org/Record/007119315	https://hdl.handle.net/2027/uc1.32106019787453
uc1.32106019787461	Parliamentary debates (Hansard) v.51 1885	New Zealand. Parliament	1885-00-00	17	248552646,173355174,4826506,173322878			https://catalog.hathitrust.org/Record/007119315	https://hdl.handle.net/2027/uc1.32106019787461
uc1.32106019787479	Parliamentary debates (Hansard) v.52 1885	New Zealand. Parliament	1885-00-00	17	248552646,173355174,4826506,173322878			https://catalog.hathitrust.org/Record/007119315	https://hdl.handle.net/2027/uc1.32106019787479
uc1.32106019787487	Parliamentary debates (Hansard) v.53 1885	New Zealand. Parliament	1885-00-00	17	248552646,173355174,4826506,173322878			https://catalog.hathitrust.org/Record/007119315	https://hdl.handle.net/2027/uc1.32106019787487
uc1.32106019787495	Parliamentary debates (Hansard) v.54 1886	New Zealand. Parliament	1886-00-00	17	248552646,173355174,4826506,173322878			https://catalog.hathitrust.org/Record/007119315	https://hdl.handle.net/2027/uc1.32106019787495
uc1.32106019787503	Parliamentary debates (Hansard) v.55 1886	New Zealand. Parliament	1886-00-00	17	248552646,173355174,4826506,173322878			https://catalog.hathitrust.org/Record/007119315	https://hdl.handle.net/2027/uc1.32106019787503
uc1.32106019787511	Parliamentary debates (Hansard) v.56 1886	New Zealand. Parliament	1886-00-00	17	248552646,173355174,4826506,173322878			https://catalog.hathitrust.org/Record/007119315	https://hdl.handle.net/2027/uc1.32106019787511
uc1.b2889879	Parliamentary debates (Hansard) 1887:3	New Zealand. Parliament	1887-00-00	17	248552646,173355174,4826506,173322878			https://catalog.hathitrust.org/Record/007119315	https://hdl.handle.net/2027/uc1.b2889879
uc1.32106019787586	Parliamentary debates (Hansard) v.64 1889	New Zealand. Parliament	1889-00-00	17	248552646,173355174,4826506,173322878			https://catalog.hathitrust.org/Record/007119315	https://hdl.handle.net/2027/uc1.32106019787586
uc1.32106019787594	Parliamentary debates (Hansard) v.65 1889	New Zealand. Parliament	1889-00-00	17	248552646,173355174,4826506,173322878			https://catalog.hathitrust.org/Record/007119315	https://hdl.handle.net/2027/uc1.32106019787594
uc1.32106019787602	Parliamentary debates (Hansard) v.66 1889	New Zealand. Parliament	1889-00-00	17	248552646,173355174,4826506,173322878			https://catalog.hathitrust.org/Record/007119315	https://hdl.handle.net/2027/uc1.32106019787602
uc1.32106019787610	Parliamentary debates (Hansard) v.67 1890	New Zealand. Parliament	1890-00-00	17	248552646,173355174,4826506,173322878			https://catalog.hathitrust.org/Record/007119315	https://hdl.handle.net/2027/uc1.32106019787610
uc1.32106019787636	Parliamentary debates (Hansard) v.69 1890	New Zealand. Parliament	1890-00-00	17	248552646,173355174,4826506,173322878			https://catalog.hathitrust.org/Record/007119315	https://hdl.handle.net/2027/uc1.32106019787636
uc1.b2889888	Parliamentary debates (Hansard) 1890:2	New Zealand. Parliament	1890-00-00	17	248552646,173355174,4826506,173322878			https://catalog.hathitrust.org/Record/007119315	https://hdl.handle.net/2027/uc1.b2889888
uc1.32106019787669	Parliamentary debates (Hansard) v.73 1891	New Zealand. Parliament	1891-00-00	17	248552646,173355174,4826506,173322878			https://catalog.hathitrust.org/Record/007119315	https://hdl.handle.net/2027/uc1.32106019787669
uc1.32106019787677	Parliamentary debates (Hansard) v.74 1891	New Zealand. Parliament	1891-00-00	17	248552646,173355174,4826506,173322878			https://catalog.hathitrust.org/Record/007119315	https://hdl.handle.net/2027/uc1.32106019787677
uc1.32106019787685	Parliamentary debates (Hansard) v.75 1892	New Zealand. Parliament	1892-00-00	17	248552646,173355174,4826506,173322878			https://catalog.hathitrust.org/Record/007119315	https://hdl.handle.net/2027/uc1.32106019787685
uc1.32106019787701	Parliamentary debates (Hansard) v.77 1892	New Zealand. Parliament	1892-00-00	17	248552646,173355174,4826506,173322878			https://catalog.hathitrust.org/Record/007119315	https://hdl.handle.net/2027/uc1.32106019787701
uc1.32106019787735	Parliamentary debates (Hansard) v.80 1893	New Zealand. Parliament	1893-00-00	17	248552646,173355174,4826506,173322878			https://catalog.hathitrust.org/Record/007119315	https://hdl.handle.net/2027/uc1.32106019787735
uc1.32106019787743	Parliamentary debates (Hansard) v.81 1893	New Zealand. Parliament	1893-00-00	17	248552646,173355174,4826506,173322878			https://catalog.hathitrust.org/Record/007119315	https://hdl.handle.net/2027/uc1.32106019787743
uc1.32106019787917	Parliamentary debates (Hansard) v.82 1893	New Zealand. Parliament	1893-00-00	17	248552646,173355174,4826506,173322878			https://catalog.hathitrust.org/Record/007119315	https://hdl.handle.net/2027/uc1.32106019787917
uc1.32106019787990	Parliamentary debates (Hansard) v.90 1895	New Zealand. Parliament	1895-00-00	17	248552646,173355174,4826506,173322878			https://catalog.hathitrust.org/Record/007119315	https://hdl.handle.net/2027/uc1.32106019787990
uc1.32106019788006	Parliamentary debates (Hansard) v.91 1895	New Zealand. Parliament	1895-00-00	17	248552646,173355174,4826506,173322878			https://catalog.hathitrust.org/Record/007119315	https://hdl.handle.net/2027/uc1.32106019788006
uc1.32106019788030	Parliamentary debates (Hansard) v.94 1896	New Zealand. Parliament	1896-00-00	17	248552646,173355174,4826506,173322878			https://catalog.hathitrust.org/Record/007119315	https://hdl.handle.net/2027/uc1.32106019788030
uc1.32106019788055	Parliamentary debates (Hansard) v.96 1896	New Zealand. Parliament	1896-00-00	17	248552646,173355174,4826506,173322878			https://catalog.hathitrust.org/Record/007119315	https://hdl.handle.net/2027/uc1.32106019788055
uc1.32106019929352	Parliamentary debates (Hansard) v.106 1899	New Zealand. Parliament	1899-00-00	17	248552646,173355174,4826506,173322878			https://catalog.hathitrust.org/Record/007119315	https://hdl.handle.net/2027/uc1.32106019929352
uc1.32106019788147	Parliamentary debates (Hansard) v.107 1899	New Zealand. Parliament	1899-00-00	17	248552646,173355174,4826506,173322878			https://catalog.hathitrust.org/Record/007119315	https://hdl.handle.net/2027/uc1.32106019788147
uc1.32106019788170	Parliamentary debates (Hansard) v.110 1899	New Zealand. Parliament	1899-00-00	17	248552646,173355174,4826506,173322878			https://catalog.hathitrust.org/Record/007119315	https://hdl.handle.net/2027/uc1.32106019788170
uc1.32106019788188	Parliamentary debates (Hansard) v.111 1900	New Zealand. Parliament	1900-00-00	17	248552646,173355174,4826506,173322878			https://catalog.hathitrust.org/Record/007119315	https://hdl.handle.net/2027/uc1.32106019788188
uc1.32106019788212	Parliamentary debates (Hansard) v.114 1900	New Zealand. Parliament	1900-00-00	17	248552646,173355174,4826506,173322878			https://catalog.hathitrust.org/Record/007119315	https://hdl.handle.net/2027/uc1.32106019788212
uc1.32106019788220	Parliamentary debates (Hansard) v.115 1900	New Zealand. Parliament	1900-00-00	17	248552646,173355174,4826506,173322878			https://catalog.hathitrust.org/Record/007119315	https://hdl.handle.net/2027/uc1.32106019788220
uc1.32106019788246	Parliamentary debates (Hansard) v.117 1901	New Zealand. Parliament	1901-00-00	17	248552646,173355174,4826506,173322878			https://catalog.hathitrust.org/Record/007119315	https://hdl.handle.net/2027/uc1.32106019788246
uc1.32106019788253	Parliamentary debates (Hansard) v.118 1901	New Zealand. Parliament	1901-00-00	17	248552646,173355174,4826506,173322878			https://catalog.hathitrust.org/Record/007119315	https://hdl.handle.net/2027/uc1.32106019788253
uc1.32106019788261	Parliamentary debates (Hansard) v.119 1901	New Zealand. Parliament	1901-00-00	17	248552646,173355174,4826506,173322878			https://catalog.hathitrust.org/Record/007119315	https://hdl.handle.net/2027/uc1.32106019788261
uc1.32106019788279	Parliamentary debates (Hansard) v.120 1902	New Zealand. Parliament	1902-00-00	17	248552646,173355174,4826506,173322878			https://catalog.hathitrust.org/Record/007119315	https://hdl.handle.net/2027/uc1.32106019788279
uc1.32106019788287	Parliamentary debates (Hansard) v.121 1902	New Zealand. Parliament	1902-00-00	17	248552646,173355174,4826506,173322878			https://catalog.hathitrust.org/Record/007119315	https://hdl.handle.net/2027/uc1.32106019788287
uc1.32106019788295	Parliamentary debates (Hansard) v.122 1902	New Zealand. Parliament	1902-00-00	17	248552646,173355174,4826506,173322878			https://catalog.hathitrust.org/Record/007119315	https://hdl.handle.net/2027/uc1.32106019788295
uc1.32106019788303	Parliamentary debates (Hansard) v.123 1903	New Zealand. Parliament	1903-00-00	17	248552646,173355174,4826506,173322878			https://catalog.hathitrust.org/Record/007119315	https://hdl.handle.net/2027/uc1.32106019788303
uc1.32106019788311	Parliamentary debates (Hansard) v.124 1903	New Zealand. Parliament	1903-00-00	17	248552646,173355174,4826506,173322878			https://catalog.hathitrust.org/Record/007119315	https://hdl.handle.net/2027/uc1.32106019788311
uc1.32106019788329	Parliamentary debates (Hansard) v.125 1903	New Zealand. Parliament	1903-00-00	17	248552646,173355174,4826506,173322878			https://catalog.hathitrust.org/Record/007119315	https://hdl.handle.net/2027/uc1.32106019788329
uc1.32106019788337	Parliamentary debates (Hansard) v.126 1903	New Zealand. Parliament	1903-00-00	17	248552646,173355174,4826506,173322878			https://catalog.hathitrust.org/Record/007119315	https://hdl.handle.net/2027/uc1.32106019788337
uc1.32106019788345	Parliamentary debates (Hansard) v.127 1903	New Zealand. Parliament	1903-00-00	17	248552646,173355174,4826506,173322878			https://catalog.hathitrust.org/Record/007119315	https://hdl.handle.net/2027/uc1.32106019788345
uc1.32106019788352	Parliamentary debates (Hansard) v.128 1904	New Zealand. Parliament	1904-00-00	17	248552646,173355174,4826506,173322878			https://catalog.hathitrust.org/Record/007119315	https://hdl.handle.net/2027/uc1.32106019788352
uc1.32106019788360	Parliamentary debates (Hansard) v.129 1904	New Zealand. Parliament	1904-00-00	17	248552646,173355174,4826506,173322878			https://catalog.hathitrust.org/Record/007119315	https://hdl.handle.net/2027/uc1.32106019788360
uc1.32106019788378	Parliamentary debates (Hansard) v.130 1904	New Zealand. Parliament	1904-00-00	17	248552646,173355174,4826506,173322878			https://catalog.hathitrust.org/Record/007119315	https://hdl.handle.net/2027/uc1.32106019788378
uc1.32106019788394	Parliamentary debates (Hansard) v.132 1905	New Zealand. Parliament	1905-00-00	17	248552646,173355174,4826506,173322878			https://catalog.hathitrust.org/Record/007119315	https://hdl.handle.net/2027/uc1.32106019788394
uc1.32106019788410	Parliamentary debates (Hansard) v.134 1905	New Zealand. Parliament	1905-00-00	17	248552646,173355174,4826506,173322878			https://catalog.hathitrust.org/Record/007119315	https://hdl.handle.net/2027/uc1.32106019788410
uc1.b2889951	Parliamentary debates (Hansard) 1905:2	New Zealand. Parliament	1905-00-00	17	248552646,173355174,4826506,173322878			https://catalog.hathitrust.org/Record/007119315	https://hdl.handle.net/2027/uc1.b2889951
uc1.b2889953	Parliamentary debates (Hansard) 1905:4	New Zealand. Parliament	1905-00-00	17	248552646,173355174,4826506,173322878			https://catalog.hathitrust.org/Record/007119315	https://hdl.handle.net/2027/uc1.b2889953
uc1.32106019788436	Parliamentary debates (Hansard) v.136-137 1906	New Zealand. Parliament	1906-00-00	17	248552646,173355174,4826506,173322878			https://catalog.hathitrust.org/Record/007119315	https://hdl.handle.net/2027/uc1.32106019788436
uc1.32106019788451	Parliamentary debates (Hansard) v.139 1907	New Zealand. Parliament	1907-00-00	17	248552646,173355174,4826506,173322878			https://catalog.hathitrust.org/Record/007119315	https://hdl.handle.net/2027/uc1.32106019788451
uc1.32106019788477	Parliamentary debates (Hansard) v.141 1907	New Zealand. Parliament	1907-00-00	17	248552646,173355174,4826506,173322878			https://catalog.hathitrust.org/Record/007119315	https://hdl.handle.net/2027/uc1.32106019788477
uc1.32106019788485	Parliamentary debates (Hansard) v.143 1908	New Zealand. Parliament	1908-00-00	17	248552646,173355174,4826506,173322878			https://catalog.hathitrust.org/Record/007119315	https://hdl.handle.net/2027/uc1.32106019788485
uc1.32106019788493	Parliamentary debates (Hansard) v.144 1908	New Zealand. Parliament	1908-00-00	17	248552646,173355174,4826506,173322878			https://catalog.hathitrust.org/Record/007119315	https://hdl.handle.net/2027/uc1.32106019788493
uc1.b2889962	Parliamentary debates (Hansard) 1908:3	New Zealand. Parliament	1908-00-00	17	248552646,173355174,4826506,173322878			https://catalog.hathitrust.org/Record/007119315	https://hdl.handle.net/2027/uc1.b2889962
uc1.32106019788501	Parliamentary debates (Hansard) v.146-147 1909	New Zealand. Parliament	1909-00-00	17	248552646,173355174,4826506,173322878			https://catalog.hathitrust.org/Record/007119315	https://hdl.handle.net/2027/uc1.32106019788501
uc1.a0001646314	Parliamentary debates (Hansard) v.148 mo.NOV10-DEC29 yr.1909	New Zealand. Parliament	1909-00-00	17	248552646,173355174,4826506,173322878			https://catalog.hathitrust.org/Record/007119315	https://hdl.handle.net/2027/uc1.a0001646314
uc1.32106019788519	Parliamentary debates (Hansard) v.149 1910	New Zealand. Parliament	1910-00-00	17	248552646,173355174,4826506,173322878			https://catalog.hathitrust.org/Record/007119315	https://hdl.handle.net/2027/uc1.32106019788519
uc1.32106019788535	Parliamentary debates (Hansard) v.151 1910	New Zealand. Parliament	1910-00-00	17	248552646,173355174,4826506,173322878			https://catalog.hathitrust.org/Record/007119315	https://hdl.handle.net/2027/uc1.32106019788535
uc1.b2889969	Parliamentary debates (Hansard) 1910:5	New Zealand. Parliament	1910-00-00	17	248552646,173355174,4826506,173322878			https://catalog.hathitrust.org/Record/007119315	https://hdl.handle.net/2027/uc1.b2889969
uc1.32106019788568	Parliamentary debates (Hansard) v.154 1911	New Zealand. Parliament	1911-00-00	17	248552646,173355174,4826506,173322878			https://catalog.hathitrust.org/Record/007119315	https://hdl.handle.net/2027/uc1.32106019788568
uc1.b2889971	Parliamentary debates (Hansard) 1911:2	New Zealand. Parliament	1911-00-00	17	248552646,173355174,4826506,173322878			https://catalog.hathitrust.org/Record/007119315	https://hdl.handle.net/2027/uc1.b2889971
uc1.b2889974	Parliamentary debates (Hansard) 1912:2	New Zealand. Parliament	1912-00-00	17	248552646,173355174,4826506,173322878			https://catalog.hathitrust.org/Record/007119315	https://hdl.handle.net/2027/uc1.b2889974
uc1.b2889976	Parliamentary debates (Hansard) 1912:4	New Zealand. Parliament	1912-00-00	17	248552646,173355174,4826506,173322878			https://catalog.hathitrust.org/Record/007119315	https://hdl.handle.net/2027/uc1.b2889976
uc1.b2889978	Parliamentary debates (Hansard) 1912:5	New Zealand. Parliament	1912-00-00	17	248552646,173355174,4826506,173322878			https://catalog.hathitrust.org/Record/007119315	https://hdl.handle.net/2027/uc1.b2889978
uc1.32106019788626	Parliamentary debates (Hansard) v.162 1913	New Zealand. Parliament	1913-00-00	17	248552646,173355174,4826506,173322878			https://catalog.hathitrust.org/Record/007119315	https://hdl.handle.net/2027/uc1.32106019788626
uc1.32106019788634	Parliamentary debates (Hansard) v.163 1913	New Zealand. Parliament	1913-00-00	17	248552646,173355174,4826506,173322878			https://catalog.hathitrust.org/Record/007119315	https://hdl.handle.net/2027/uc1.32106019788634
uc1.32106019788642	Parliamentary debates (Hansard) v.164 1913	New Zealand. Parliament	1913-00-00	17	248552646,173355174,4826506,173322878			https://catalog.hathitrust.org/Record/007119315	https://hdl.handle.net/2027/uc1.32106019788642
uc1.32106019788659	Parliamentary debates (Hansard) v.165 1913	New Zealand. Parliament	1913-00-00	17	248552646,173355174,4826506,173322878			https://catalog.hathitrust.org/Record/007119315	https://hdl.handle.net/2027/uc1.32106019788659
uc1.32106019788667	Parliamentary debates (Hansard) v.166 1913	New Zealand. Parliament	1913-00-00	17	248552646,173355174,4826506,173322878			https://catalog.hathitrust.org/Record/007119315	https://hdl.handle.net/2027/uc1.32106019788667
uc1.b2889983	Parliamentary debates (Hansard) 1913:6	New Zealand. Parliament	1913-00-00	17	248552646,173355174,4826506,173322878			https://catalog.hathitrust.org/Record/007119315	https://hdl.handle.net/2027/uc1.b2889983
uc1.32106019788683	Parliamentary debates (Hansard) v.168 1914	New Zealand. Parliament	1914-00-00	17	248552646,173355174,4826506,173322878			https://catalog.hathitrust.org/Record/007119315	https://hdl.handle.net/2027/uc1.32106019788683
uc1.32106019788691	Parliamentary debates (Hansard) v.169 1914	New Zealand. Parliament	1914-00-00	17	248552646,173355174,4826506,173322878			https://catalog.hathitrust.org/Record/007119315	https://hdl.handle.net/2027/uc1.32106019788691
uc1.32106019788709	Parliamentary debates (Hansard) v.170 1914	New Zealand. Parliament	1914-00-00	17	248552646,173355174,4826506,173322878			https://catalog.hathitrust.org/Record/007119315	https://hdl.handle.net/2027/uc1.32106019788709
uc1.32106015180141	Parliamentary debates (Hansard) v.171 1914	New Zealand. Parliament	1914-00-00	17	248552646,173355174,4826506,173322878			https://catalog.hathitrust.org/Record/007119315	https://hdl.handle.net/2027/uc1.32106015180141
uc1.32106019788717	Parliamentary debates (Hansard) v.172 1915	New Zealand. Parliament	1915-00-00	17	248552646,173355174,4826506,173322878			https://catalog.hathitrust.org/Record/007119315	https://hdl.handle.net/2027/uc1.32106019788717
uc1.32106019788733	Parliamentary debates (Hansard) v.174 1915	New Zealand. Parliament	1915-00-00	17	248552646,173355174,4826506,173322878			https://catalog.hathitrust.org/Record/007119315	https://hdl.handle.net/2027/uc1.32106019788733
uc1.b2889989	Parliamentary debates (Hansard) 1915:2	New Zealand. Parliament	1915-00-00	17	248552646,173355174,4826506,173322878			https://catalog.hathitrust.org/Record/007119315	https://hdl.handle.net/2027/uc1.b2889989
uc1.32106019788741	Parliamentary debates (Hansard) v.175 1916	New Zealand. Parliament	1916-00-00	17	248552646,173355174,4826506,173322878			https://catalog.hathitrust.org/Record/007119315	https://hdl.handle.net/2027/uc1.32106019788741
uc1.32106019788758	Parliamentary debates (Hansard) v.176 1916	New Zealand. Parliament	1916-00-00	17	248552646,173355174,4826506,173322878			https://catalog.hathitrust.org/Record/007119315	https://hdl.handle.net/2027/uc1.32106019788758
uc1.32106019788766	Parliamentary debates (Hansard) v.177 1916	New Zealand. Parliament	1916-00-00	17	248552646,173355174,4826506,173322878			https://catalog.hathitrust.org/Record/007119315	https://hdl.handle.net/2027/uc1.32106019788766
uc1.32106019788774	Parliamentary debates (Hansard) v.178 1917	New Zealand. Parliament	1917-00-00	17	248552646,173355174,4826506,173322878			https://catalog.hathitrust.org/Record/007119315	https://hdl.handle.net/2027/uc1.32106019788774
uc1.32106019788782	Parliamentary debates (Hansard) v.179 1917	New Zealand. Parliament	1917-00-00	17	248552646,173355174,4826506,173322878			https://catalog.hathitrust.org/Record/007119315	https://hdl.handle.net/2027/uc1.32106019788782
uc1.32106019788808	Parliamentary debates (Hansard) v.181 1917	New Zealand. Parliament	1917-00-00	17	248552646,173355174,4826506,173322878			https://catalog.hathitrust.org/Record/007119315	https://hdl.handle.net/2027/uc1.32106019788808
uc1.32106019788824	Parliamentary debates (Hansard) v.183 1918	New Zealand. Parliament	1918-00-00	17	248552646,173355174,4826506,173322878			https://catalog.hathitrust.org/Record/007119315	https://hdl.handle.net/2027/uc1.32106019788824
uc1.32106019788832	Parliamentary debates (Hansard) v.184 1919	New Zealand. Parliament	1919-00-00	17	248552646,173355174,4826506,173322878			https://catalog.hathitrust.org/Record/007119315	https://hdl.handle.net/2027/uc1.32106019788832
uc1.a0001800556	Parliamentary debates (Hansard) v.185 mo.OCT03-NOV05 yr.1919	New Zealand. Parliament	1919-00-00	17	248552646,173355174,4826506,173322878			https://catalog.hathitrust.org/Record/007119315	https://hdl.handle.net/2027/uc1.a0001800556
uc1.32106019788857	Parliamentary debates (Hansard) v.186 1920	New Zealand. Parliament	1920-00-00	17	248552646,173355174,4826506,173322878			https://catalog.hathitrust.org/Record/007119315	https://hdl.handle.net/2027/uc1.32106019788857
uc1.32106019788873	Parliamentary debates (Hansard) v.188 1920	New Zealand. Parliament	1920-00-00	17	248552646,173355174,4826506,173322878			https://catalog.hathitrust.org/Record/007119315	https://hdl.handle.net/2027/uc1.32106019788873
uc1.32106019929089	Parliamentary debates (Hansard) v.189 1920	New Zealand. Parliament	1920-00-00	17	248552646,173355174,4826506,173322878			https://catalog.hathitrust.org/Record/007119315	https://hdl.handle.net/2027/uc1.32106019929089
uc1.b2890198	Parliamentary debates (Hansard) 1920:2	New Zealand. Parliament	1920-00-00	17	248552646,173355174,4826506,173322878			https://catalog.hathitrust.org/Record/007119315	https://hdl.handle.net/2027/uc1.b2890198
uc1.32106019929097	Parliamentary debates (Hansard) v.190 1921	New Zealand. Parliament	1921-00-00	17	248552646,173355174,4826506,173322878			https://catalog.hathitrust.org/Record/007119315	https://hdl.handle.net/2027/uc1.32106019929097
uc1.32106019929121	Parliamentary debates (Hansard) v.193 1921-22	New Zealand. Parliament	1922-00-00	17	248552646,173355174,4826506,173322878			https://catalog.hathitrust.org/Record/007119315	https://hdl.handle.net/2027/uc1.32106019929121
uc1.32106019929139	Parliamentary debates (Hansard) v.194 1922	New Zealand. Parliament	1922-00-00	17	248552646,173355174,4826506,173322878			https://catalog.hathitrust.org/Record/007119315	https://hdl.handle.net/2027/uc1.32106019929139
uc1.32106019929154	Parliamentary debates (Hansard) v.196 1922	New Zealand. Parliament	1922-00-00	17	248552646,173355174,4826506,173322878			https://catalog.hathitrust.org/Record/007119315	https://hdl.handle.net/2027/uc1.32106019929154
uc1.32106019929162	Parliamentary debates (Hansard) v.197 1922	New Zealand. Parliament	1922-00-00	17	248552646,173355174,4826506,173322878			https://catalog.hathitrust.org/Record/007119315	https://hdl.handle.net/2027/uc1.32106019929162
uc1.32106019929170	Parliamentary debates (Hansard) v.198 1922	New Zealand. Parliament	1922-00-00	17	248552646,173355174,4826506,173322878			https://catalog.hathitrust.org/Record/007119315	https://hdl.handle.net/2027/uc1.32106019929170
uc1.32106019929410	Parliamentary debates (Hansard) v.204 1924	New Zealand. Parliament	1924-00-00	17	248552646,173355174,4826506,173322878			https://catalog.hathitrust.org/Record/007119315	https://hdl.handle.net/2027/uc1.32106019929410
uc1.32106019929238	Parliamentary debates (Hansard) v.205 1924	New Zealand. Parliament	1924-00-00	17	248552646,173355174,4826506,173322878			https://catalog.hathitrust.org/Record/007119315	https://hdl.handle.net/2027/uc1.32106019929238
uc1.32106019929246	Parliamentary debates (Hansard) v.206 1925	New Zealand. Parliament	1925-00-00	17	248552646,173355174,4826506,173322878			https://catalog.hathitrust.org/Record/007119315	https://hdl.handle.net/2027/uc1.32106019929246
uc1.32106019929287	Parliamentary debates (Hansard) v.210 1926	New Zealand. Parliament	1926-00-00	17	248552646,173355174,4826506,173322878			https://catalog.hathitrust.org/Record/007119315	https://hdl.handle.net/2027/uc1.32106019929287
uc1.32106019929303	Parliamentary debates (Hansard) v.212 1927	New Zealand. Parliament	1927-00-00	17	248552646,173355174,4826506,173322878			https://catalog.hathitrust.org/Record/007119315	https://hdl.handle.net/2027/uc1.32106019929303
uc1.32106019929311	Parliamentary debates (Hansard) v.213 1927	New Zealand. Parliament	1927-00-00	17	248552646,173355174,4826506,173322878			https://catalog.hathitrust.org/Record/007119315	https://hdl.handle.net/2027/uc1.32106019929311
uc1.32106019929329	Parliamentary debates (Hansard) v.214 1927	New Zealand. Parliament	1927-00-00	17	248552646,173355174,4826506,173322878			https://catalog.hathitrust.org/Record/007119315	https://hdl.handle.net/2027/uc1.32106019929329
uc1.32106019929345	Parliamentary debates (Hansard) v.216 1927	New Zealand. Parliament	1927-00-00	17	248552646,173355174,4826506,173322878			https://catalog.hathitrust.org/Record/007119315	https://hdl.handle.net/2027/uc1.32106019929345
uc1.a0001800861	Parliamentary debates (Hansard) v.217 mo.JUN28-AUG03 yr.1928	New Zealand. Parliament	1928-00-00	17	248552646,173355174,4826506,173322878			https://catalog.hathitrust.org/Record/007119315	https://hdl.handle.net/2027/uc1.a0001800861
uc1.32106019929360	Parliamentary debates (Hansard) v.218 1928	New Zealand. Parliament	1928-00-00	17	248552646,173355174,4826506,173322878			https://catalog.hathitrust.org/Record/007119315	https://hdl.handle.net/2027/uc1.32106019929360
uc1.32106019929402	Parliamentary debates (Hansard) v.222 1929	New Zealand. Parliament	1929-00-00	17	248552646,173355174,4826506,173322878			https://catalog.hathitrust.org/Record/007119315	https://hdl.handle.net/2027/uc1.32106019929402
uc1.b2890228	Parliamentary debates (Hansard) 1929:3	New Zealand. Parliament	1929-00-00	17	248552646,173355174,4826506,173322878			https://catalog.hathitrust.org/Record/007119315	https://hdl.handle.net/2027/uc1.b2890228
uc1.32106019929444	Parliamentary debates (Hansard) v.225 1930	New Zealand. Parliament	1930-00-00	17	248552646,173355174,4826506,173322878			https://catalog.hathitrust.org/Record/007119315	https://hdl.handle.net/2027/uc1.32106019929444
uc1.32106019929451	Parliamentary debates (Hansard) v.226 1930	New Zealand. Parliament	1930-00-00	17	248552646,173355174,4826506,173322878			https://catalog.hathitrust.org/Record/007119315	https://hdl.handle.net/2027/uc1.32106019929451
uc1.32106019929469	Parliamentary debates (Hansard) v.227 1931	New Zealand. Parliament	1931-00-00	17	248552646,173355174,4826506,173322878			https://catalog.hathitrust.org/Record/007119315	https://hdl.handle.net/2027/uc1.32106019929469
uc1.32106019929477	Parliamentary debates (Hansard) v.228 1931	New Zealand. Parliament	1931-00-00	17	248552646,173355174,4826506,173322878			https://catalog.hathitrust.org/Record/007119315	https://hdl.handle.net/2027/uc1.32106019929477
uc1.32106019929485	Parliamentary debates (Hansard) v.229 1931	New Zealand. Parliament	1931-00-00	17	248552646,173355174,4826506,173322878			https://catalog.hathitrust.org/Record/007119315	https://hdl.handle.net/2027/uc1.32106019929485
uc1.32106019929501	Parliamentary debates (Hansard) v.231 1932	New Zealand. Parliament	1932-00-00	17	248552646,173355174,4826506,173322878			https://catalog.hathitrust.org/Record/007119315	https://hdl.handle.net/2027/uc1.32106019929501
uc1.32106019929519	Parliamentary debates (Hansard) v.232 1932	New Zealand. Parliament	1932-00-00	17	248552646,173355174,4826506,173322878			https://catalog.hathitrust.org/Record/007119315	https://hdl.handle.net/2027/uc1.32106019929519
uc1.32106019929527	Parliamentary debates (Hansard) v.233 1932	New Zealand. Parliament	1932-00-00	17	248552646,173355174,4826506,173322878			https://catalog.hathitrust.org/Record/007119315	https://hdl.handle.net/2027/uc1.32106019929527
uc1.32106019929535	Parliamentary debates (Hansard) v.234 1932	New Zealand. Parliament	1932-00-00	17	248552646,173355174,4826506,173322878			https://catalog.hathitrust.org/Record/007119315	https://hdl.handle.net/2027/uc1.32106019929535
uc1.32106019929568	Parliamentary debates (Hansard) v.237 1933	New Zealand. Parliament	1933-00-00	17	248552646,173355174,4826506,173322878			https://catalog.hathitrust.org/Record/007119315	https://hdl.handle.net/2027/uc1.32106019929568
uc1.b2890240	Parliamentary debates (Hansard) 1932-33:2	New Zealand. Parliament	1933-00-00	17	248552646,173355174,4826506,173322878			https://catalog.hathitrust.org/Record/007119315	https://hdl.handle.net/2027/uc1.b2890240
uc1.32106019929576	Parliamentary debates (Hansard) v.238 1934	New Zealand. Parliament	1934-00-00	17	248552646,173355174,4826506,173322878			https://catalog.hathitrust.org/Record/007119315	https://hdl.handle.net/2027/uc1.32106019929576
uc1.32106019929584	Parliamentary debates (Hansard) v.239 1934	New Zealand. Parliament	1934-00-00	17	248552646,173355174,4826506,173322878			https://catalog.hathitrust.org/Record/007119315	https://hdl.handle.net/2027/uc1.32106019929584
uc1.32106019929600	Parliamentary debates (Hansard) v.241 1935	New Zealand. Parliament	1935-00-00	17	248552646,173355174,4826506,173322878			https://catalog.hathitrust.org/Record/007119315	https://hdl.handle.net/2027/uc1.32106019929600
uc1.32106019929618	Parliamentary debates (Hansard) v.242 1935	New Zealand. Parliament	1935-00-00	17	248552646,173355174,4826506,173322878			https://catalog.hathitrust.org/Record/007119315	https://hdl.handle.net/2027/uc1.32106019929618
uc1.32106019929626	Parliamentary debates (Hansard) v.243 1935	New Zealand. Parliament	1935-00-00	17	248552646,173355174,4826506,173322878			https://catalog.hathitrust.org/Record/007119315	https://hdl.handle.net/2027/uc1.32106019929626
uc1.b2890245	Parliamentary debates (Hansard) 1934-35:3	New Zealand. Parliament	1935-00-00	17	248552646,173355174,4826506,173322878			https://catalog.hathitrust.org/Record/007119315	https://hdl.handle.net/2027/uc1.b2890245
uc1.32106019929634	Parliamentary debates (Hansard) v.244 1936	New Zealand. Parliament	1936-00-00	17	248552646,173355174,4826506,173322878			https://catalog.hathitrust.org/Record/007119315	https://hdl.handle.net/2027/uc1.32106019929634
uc1.32106019929642	Parliamentary debates (Hansard) v.245 1936	New Zealand. Parliament	1936-00-00	17	248552646,173355174,4826506,173322878			https://catalog.hathitrust.org/Record/007119315	https://hdl.handle.net/2027/uc1.32106019929642
uc1.32106019929659	Parliamentary debates (Hansard) v.246 1936	New Zealand. Parliament	1936-00-00	17	248552646,173355174,4826506,173322878			https://catalog.hathitrust.org/Record/007119315	https://hdl.handle.net/2027/uc1.32106019929659
uc1.32106019929675	Parliamentary debates (Hansard) v.248 1937	New Zealand. Parliament	1937-00-00	17	248552646,173355174,4826506,173322878			https://catalog.hathitrust.org/Record/007119315	https://hdl.handle.net/2027/uc1.32106019929675
uc1.32106019929691	Parliamentary debates (Hansard) v.250 1938	New Zealand. Parliament	1938-00-00	17	248552646,173355174,4826506,173322878			https://catalog.hathitrust.org/Record/007119315	https://hdl.handle.net/2027/uc1.32106019929691
uc1.32106019929709	Parliamentary debates (Hansard) v.251 1938	New Zealand. Parliament	1938-00-00	17	248552646,173355174,4826506,173322878			https://catalog.hathitrust.org/Record/007119315	https://hdl.handle.net/2027/uc1.32106019929709
uc1.32106019929717	Parliamentary debates (Hansard) v.252 1938	New Zealand. Parliament	1938-00-00	17	248552646,173355174,4826506,173322878			https://catalog.hathitrust.org/Record/007119315	https://hdl.handle.net/2027/uc1.32106019929717
uc1.32106019929725	Parliamentary debates (Hansard) v.253 1938	New Zealand. Parliament	1938-00-00	17	248552646,173355174,4826506,173322878			https://catalog.hathitrust.org/Record/007119315	https://hdl.handle.net/2027/uc1.32106019929725
uc1.32106019929741	Parliamentary debates (Hansard) v.255 1939	New Zealand. Parliament	1939-00-00	17	248552646,173355174,4826506,173322878			https://catalog.hathitrust.org/Record/007119315	https://hdl.handle.net/2027/uc1.32106019929741
uc1.32106019929766	Parliamentary debates (Hansard) v.257 1940	New Zealand. Parliament	1940-00-00	17	248552646,173355174,4826506,173322878			https://catalog.hathitrust.org/Record/007119315	https://hdl.handle.net/2027/uc1.32106019929766
uc1.32106019929774	Parliamentary debates (Hansard) v.258 1940	New Zealand. Parliament	1940-00-00	17	248552646,173355174,4826506,173322878			https://catalog.hathitrust.org/Record/007119315	https://hdl.handle.net/2027/uc1.32106019929774
uc1.b2890264	Parliamentary debates (Hansard) 1941:2	New Zealand. Parliament	1941-00-00	17	248552646,173355174,4826506,173322878			https://catalog.hathitrust.org/Record/007119315	https://hdl.handle.net/2027/uc1.b2890264
uc1.b2890262	Parliamentary debates (Hansard) 1941-42	New Zealand. Parliament	1942-00-00	17	248552646,173355174,4826506,173322878			https://catalog.hathitrust.org/Record/007119315	https://hdl.handle.net/2027/uc1.b2890262
uc1.a0001757616	Parliamentary debates (Hansard) v.263 mo.JUN25-AUG26 yr.1943	New Zealand. Parliament	1943-00-00	17	248552646,173355174,4826506,173322878			https://catalog.hathitrust.org/Record/007119315	https://hdl.handle.net/2027/uc1.a0001757616
uc1.32106019929824	Parliamentary debates (Hansard) v.264 1944	New Zealand. Parliament	1944-00-00	17	248552646,173355174,4826506,173322878			https://catalog.hathitrust.org/Record/007119315	https://hdl.handle.net/2027/uc1.32106019929824
uc1.32106019929832	Parliamentary debates (Hansard) v.265 1944	New Zealand. Parliament	1944-00-00	17	248552646,173355174,4826506,173322878			https://catalog.hathitrust.org/Record/007119315	https://hdl.handle.net/2027/uc1.32106019929832
uc1.32106019929840	Parliamentary debates (Hansard) v.266 1944	New Zealand. Parliament	1944-00-00	17	248552646,173355174,4826506,173322878			https://catalog.hathitrust.org/Record/007119315	https://hdl.handle.net/2027/uc1.32106019929840
uc1.32106019929857	Parliamentary debates (Hansard) v.267 1944	New Zealand. Parliament	1944-00-00	17	248552646,173355174,4826506,173322878			https://catalog.hathitrust.org/Record/007119315	https://hdl.handle.net/2027/uc1.32106019929857
uc1.32106019929865	Parliamentary debates (Hansard) v.268 1945	New Zealand. Parliament	1945-00-00	17	248552646,173355174,4826506,173322878			https://catalog.hathitrust.org/Record/007119315	https://hdl.handle.net/2027/uc1.32106019929865
uc1.32106019929873	Parliamentary debates (Hansard) v.269 1945	New Zealand. Parliament	1945-00-00	17	248552646,173355174,4826506,173322878			https://catalog.hathitrust.org/Record/007119315	https://hdl.handle.net/2027/uc1.32106019929873
uc1.32106019929881	Parliamentary debates (Hansard) v.270 1945	New Zealand. Parliament	1945-00-00	17	248552646,173355174,4826506,173322878			https://catalog.hathitrust.org/Record/007119315	https://hdl.handle.net/2027/uc1.32106019929881
uc1.32106019929899	Parliamentary debates (Hansard) v.271 1945	New Zealand. Parliament	1945-00-00	17	248552646,173355174,4826506,173322878			https://catalog.hathitrust.org/Record/007119315	https://hdl.handle.net/2027/uc1.32106019929899
uc1.32106019929915	Parliamentary debates (Hansard) v.273 1946	New Zealand. Parliament	1946-00-00	17	248552646,173355174,4826506,173322878			https://catalog.hathitrust.org/Record/007119315	https://hdl.handle.net/2027/uc1.32106019929915
uc1.32106019929923	Parliamentary debates (Hansard) v.274 1946	New Zealand. Parliament	1946-00-00	17	248552646,173355174,4826506,173322878			https://catalog.hathitrust.org/Record/007119315	https://hdl.handle.net/2027/uc1.32106019929923
uc1.32106019929931	Parliamentary debates (Hansard) v.275 1946	New Zealand. Parliament	1946-00-00	17	248552646,173355174,4826506,173322878			https://catalog.hathitrust.org/Record/007119315	https://hdl.handle.net/2027/uc1.32106019929931
uc1.32106019929956	Parliamentary debates (Hansard) v.277 1947	New Zealand. Parliament	1947-00-00	17	248552646,173355174,4826506,173322878			https://catalog.hathitrust.org/Record/007119315	https://hdl.handle.net/2027/uc1.32106019929956
uc1.32106019929964	Parliamentary debates (Hansard) v.278 1947	New Zealand. Parliament	1947-00-00	17	248552646,173355174,4826506,173322878			https://catalog.hathitrust.org/Record/007119315	https://hdl.handle.net/2027/uc1.32106019929964
uc1.a0001757772	Parliamentary debates (Hansard) v.279 mo.OCT17-NOV27 yr.1947	New Zealand. Parliament	1947-00-00	17	248552646,173355174,4826506,173322878			https://catalog.hathitrust.org/Record/007119315	https://hdl.handle.net/2027/uc1.a0001757772
uc1.a0001757988	Parliamentary debates (Hansard) v.307 mo.AUG23-OCT28 yr.1955	New Zealand. Parliament	1955-00-00	17	248552646,173355174,4826506,173322878			https://catalog.hathitrust.org/Record/007119315	https://hdl.handle.net/2027/uc1.a0001757988
uc1.a0001758010	Parliamentary debates (Hansard) v.310 mo.SEP13-OCT26 yr.1956	New Zealand. Parliament	1956-00-00	17	248552646,173355174,4826506,173322878			https://catalog.hathitrust.org/Record/007119315	https://hdl.handle.net/2027/uc1.a0001758010
uc1.a0001745447	Parliamentary debates (Hansard) v.326 mo.JUN20-AUG01 yr.1961	New Zealand. Parliament	1961-00-00	17	248552646,173355174,4826506,173322878			https://catalog.hathitrust.org/Record/007119315	https://hdl.handle.net/2027/uc1.a0001745447
uc1.a0001745553	Parliamentary debates (Hansard) v.337 mo.OCT01-OCT25 yr.1963	New Zealand. Parliament	1963-00-00	17	248552646,173355174,4826506,173322878			https://catalog.hathitrust.org/Record/007119315	https://hdl.handle.net/2027/uc1.a0001745553
uc1.a0001745561	Parliamentary debates (Hansard) v.338 mo.JUN10-JUL17 yr.1964	New Zealand. Parliament	1964-00-00	17	248552646,173355174,4826506,173322878			https://catalog.hathitrust.org/Record/007119315	https://hdl.handle.net/2027/uc1.a0001745561
uc1.a0001745579	Parliamentary debates (Hansard) v.339 mo.AUG04-SEP15 yr.1964	New Zealand. Parliament	1964-00-00	17	248552646,173355174,4826506,173322878			https://catalog.hathitrust.org/Record/007119315	https://hdl.handle.net/2027/uc1.a0001745579
uc1.a0001745587	Parliamentary debates (Hansard) v.340 mo.SEP16-OCT29 yr.1964	New Zealand. Parliament	1964-00-00	17	248552646,173355174,4826506,173322878			https://catalog.hathitrust.org/Record/007119315	https://hdl.handle.net/2027/uc1.a0001745587
uc1.a0001745595	Parliamentary debates (Hansard) v.341 mo.OCT30-DEC04 yr.1964	New Zealand. Parliament	1964-00-00	17	248552646,173355174,4826506,173322878			https://catalog.hathitrust.org/Record/007119315	https://hdl.handle.net/2027/uc1.a0001745595
uc1.a0001745603	Parliamentary debates (Hansard) v.342 mo.MAY27-JUL08 yr.1965	New Zealand. Parliament	1965-00-00	17	248552646,173355174,4826506,173322878			https://catalog.hathitrust.org/Record/007119315	https://hdl.handle.net/2027/uc1.a0001745603
uc1.a0001745611	Parliamentary debates (Hansard) v.343 mo.JUL09-AUG27 yr.1965	New Zealand. Parliament	1965-00-00	17	248552646,173355174,4826506,173322878			https://catalog.hathitrust.org/Record/007119315	https://hdl.handle.net/2027/uc1.a0001745611
uc1.a0001745629	Parliamentary debates (Hansard) v.344 mo.AUG31-OCT01 yr.1965	New Zealand. Parliament	1965-00-00	17	248552646,173355174,4826506,173322878			https://catalog.hathitrust.org/Record/007119315	https://hdl.handle.net/2027/uc1.a0001745629
uc1.a0001745637	Parliamentary debates (Hansard) v.345 mo.OCT05-NOV01 yr.1965	New Zealand. Parliament	1965-00-00	17	248552646,173355174,4826506,173322878			https://catalog.hathitrust.org/Record/007119315	https://hdl.handle.net/2027/uc1.a0001745637
uc1.b2940053	Parliamentary debates (Hansard) JULY-AUG. 16 1966	New Zealand. Parliament	1966-00-00	17	248552646,173355174,4826506,173322878			https://catalog.hathitrust.org/Record/007119315	https://hdl.handle.net/2027/uc1.b2940053
uc1.b2940054	Parliamentary debates (Hansard) AUG. 17-SEPT. 29 1966	New Zealand. Parliament	1966-00-00	17	248552646,173355174,4826506,173322878			https://catalog.hathitrust.org/Record/007119315	https://hdl.handle.net/2027/uc1.b2940054
uc1.b2940052	Parliamentary debates (Hansard) MAY 26-JUNE 1966	New Zealand. Parliament	1966-00-00	17	248552646,173355174,4826506,173322878			https://catalog.hathitrust.org/Record/007119315	https://hdl.handle.net/2027/uc1.b2940052
uc1.b2940055	Parliamentary debates (Hansard) SEPT. 30-OCT. 21 1966	New Zealand. Parliament	1966-00-00	17	248552646,173355174,4826506,173322878			https://catalog.hathitrust.org/Record/007119315	https://hdl.handle.net/2027/uc1.b2940055
uc1.b2940057	Parliamentary debates (Hansard) JUNE 2-JULY 19 1967	New Zealand. Parliament	1967-00-00	17	248552646,173355174,4826506,173322878			https://catalog.hathitrust.org/Record/007119315	https://hdl.handle.net/2027/uc1.b2940057
uc1.b2940060	Parliamentary debates (Hansard) NOV. 3-24 1967	New Zealand. Parliament	1967-00-00	17	248552646,173355174,4826506,173322878			https://catalog.hathitrust.org/Record/007119315	https://hdl.handle.net/2027/uc1.b2940060
uc1.b2940059	Parliamentary debates (Hansard) SEPT. 14-NOV. 2 1967	New Zealand. Parliament	1967-00-00	17	248552646,173355174,4826506,173322878			https://catalog.hathitrust.org/Record/007119315	https://hdl.handle.net/2027/uc1.b2940059
uc1.b2940058	Parliamentary debates (Hansard) JULY 20-SEPT. 13 1967	New Zealand. Parliament	1967-00-00	17	248552646,173355174,4826506,173322878			https://catalog.hathitrust.org/Record/007119315	https://hdl.handle.net/2027/uc1.b2940058
uc1.b2940056	Parliamentary debates (Hansard) APR. 26 -JUNE 1 1967	New Zealand. Parliament	1967-00-00	17	248552646,173355174,4826506,173322878			https://catalog.hathitrust.org/Record/007119315	https://hdl.handle.net/2027/uc1.b2940056
uc1.b2940065	Parliamentary debates (Hansard) DEC. 5-19 1968	New Zealand. Parliament	1968-00-00	17	248552646,173355174,4826506,173322878			https://catalog.hathitrust.org/Record/007119315	https://hdl.handle.net/2027/uc1.b2940065
uc1.b2940063	Parliamentary debates (Hansard) SEPT. 17-OCT. 30 1968	New Zealand. Parliament	1968-00-00	17	248552646,173355174,4826506,173322878			https://catalog.hathitrust.org/Record/007119315	https://hdl.handle.net/2027/uc1.b2940063
uc1.b2940061	Parliamentary debates (Hansard) JUNE 28-JULY 30 1968	New Zealand. Parliament	1968-00-00	17	248552646,173355174,4826506,173322878			https://catalog.hathitrust.org/Record/007119315	https://hdl.handle.net/2027/uc1.b2940061
uc1.b2940064	Parliamentary debates (Hansard) OCT. 31-DEC. 4 1968	New Zealand. Parliament	1968-00-00	17	248552646,173355174,4826506,173322878			https://catalog.hathitrust.org/Record/007119315	https://hdl.handle.net/2027/uc1.b2940064
uc1.b2940062	Parliamentary debates (Hansard) JULY 31-SEPT. 13 1968	New Zealand. Parliament	1968-00-00	17	248552646,173355174,4826506,173322878			https://catalog.hathitrust.org/Record/007119315	https://hdl.handle.net/2027/uc1.b2940062
uc1.b2940070	Parliamentary debates (Hansard) OCT. 2-24 1969	New Zealand. Parliament	1969-00-00	17	248552646,173355174,4826506,173322878			https://catalog.hathitrust.org/Record/007119315	https://hdl.handle.net/2027/uc1.b2940070
uc1.b2940068	Parliamentary debates (Hansard) AUG. 5-SEPT. 9 1969	New Zealand. Parliament	1969-00-00	17	248552646,173355174,4826506,173322878			https://catalog.hathitrust.org/Record/007119315	https://hdl.handle.net/2027/uc1.b2940068
uc1.b2940069	Parliamentary debates (Hansard) SEPT. 10-OCT. 2 1969	New Zealand. Parliament	1969-00-00	17	248552646,173355174,4826506,173322878			https://catalog.hathitrust.org/Record/007119315	https://hdl.handle.net/2027/uc1.b2940069
uc1.b2940066	Parliamentary debates (Hansard) MAY 15-JUNE 25 1969	New Zealand. Parliament	1969-00-00	17	248552646,173355174,4826506,173322878			https://catalog.hathitrust.org/Record/007119315	https://hdl.handle.net/2027/uc1.b2940066
uc1.b2940067	Parliamentary debates (Hansard) JUNE 26-JULY 5 1969	New Zealand. Parliament	1969-00-00	17	248552646,173355174,4826506,173322878			https://catalog.hathitrust.org/Record/007119315	https://hdl.handle.net/2027/uc1.b2940067
uc1.b2940073	Parliamentary debates (Hansard) JULY 9-AUG. 21 1970	New Zealand. Parliament	1970-00-00	17	248552646,173355174,4826506,173322878			https://catalog.hathitrust.org/Record/007119315	https://hdl.handle.net/2027/uc1.b2940073
uc1.b2940071	Parliamentary debates (Hansard) MAR. 12-APR. 24 1970	New Zealand. Parliament	1970-00-00	17	248552646,173355174,4826506,173322878			https://catalog.hathitrust.org/Record/007119315	https://hdl.handle.net/2027/uc1.b2940071
uc1.b2940072	Parliamentary debates (Hansard) MAY 19-JULY 8 1970	New Zealand. Parliament	1970-00-00	17	248552646,173355174,4826506,173322878			https://catalog.hathitrust.org/Record/007119315	https://hdl.handle.net/2027/uc1.b2940072
uc1.b2940078	Parliamentary debates (Hansard) AUG. 25-SEPT. 25 1970	New Zealand. Parliament	1970-00-00	17	248552646,173355174,4826506,173322878			https://catalog.hathitrust.org/Record/007119315	https://hdl.handle.net/2027/uc1.b2940078
uc1.b2940079	Parliamentary debates (Hansard) SEPT. 29-OCT. 29 1970	New Zealand. Parliament	1970-00-00	17	248552646,173355174,4826506,173322878			https://catalog.hathitrust.org/Record/007119315	https://hdl.handle.net/2027/uc1.b2940079
uc1.b2940080	Parliamentary debates (Hansard) OCT. 30-DEC. 3 1970	New Zealand. Parliament	1970-00-00	17	248552646,173355174,4826506,173322878			https://catalog.hathitrust.org/Record/007119315	https://hdl.handle.net/2027/uc1.b2940080
uc1.b2940076	Parliamentary debates (Hansard) JULY 8-AUG. 20 1971	New Zealand. Parliament	1971-00-00	17	248552646,173355174,4826506,173322878			https://catalog.hathitrust.org/Record/007119315	https://hdl.handle.net/2027/uc1.b2940076
uc1.b2940127	Parliamentary debates (Hansard) JUNE 9-JULY 7 1971	New Zealand. Parliament	1971-00-00	17	248552646,173355174,4826506,173322878			https://catalog.hathitrust.org/Record/007119315	https://hdl.handle.net/2027/uc1.b2940127
uc1.b2940074	Parliamentary debates (Hansard) SEPT. 22-OCT. 28 1971	New Zealand. Parliament	1971-00-00	17	248552646,173355174,4826506,173322878			https://catalog.hathitrust.org/Record/007119315	https://hdl.handle.net/2027/uc1.b2940074
uc1.b2940128	Parliamentary debates (Hansard) NOV. 23-DEC. 17 1971	New Zealand. Parliament	1971-00-00	17	248552646,173355174,4826506,173322878			https://catalog.hathitrust.org/Record/007119315	https://hdl.handle.net/2027/uc1.b2940128
uc1.b2940077	Parliamentary debates (Hansard) AUG. 25-SEPT. 21 1971	New Zealand. Parliament	1971-00-00	17	248552646,173355174,4826506,173322878			https://catalog.hathitrust.org/Record/007119315	https://hdl.handle.net/2027/uc1.b2940077
uc1.b2940081	Parliamentary debates (Hansard) FEB. 25-MAR. 24 1971(v.371)	New Zealand. Parliament	1971-00-00	17	248552646,173355174,4826506,173322878			https://catalog.hathitrust.org/Record/007119315	https://hdl.handle.net/2027/uc1.b2940081
uc1.b2940075	Parliamentary debates (Hansard) OCT. 29-NOV. 19 1971	New Zealand. Parliament	1971-00-00	17	248552646,173355174,4826506,173322878			https://catalog.hathitrust.org/Record/007119315	https://hdl.handle.net/2027/uc1.b2940075
uc1.b2940129	Parliamentary debates (Hansard) JUNE 7-JULY 6 1972	New Zealand. Parliament	1972-00-00	17	248552646,173355174,4826506,173322878			https://catalog.hathitrust.org/Record/007119315	https://hdl.handle.net/2027/uc1.b2940129
uc1.b2940130	Parliamentary debates (Hansard) JULY 7-AUG. 9 1972	New Zealand. Parliament	1972-00-00	17	248552646,173355174,4826506,173322878			https://catalog.hathitrust.org/Record/007119315	https://hdl.handle.net/2027/uc1.b2940130
uc1.b2940131	Parliamentary debates (Hansard) AUG. 10-SEPT. 14 1972	New Zealand. Parliament	1972-00-00	17	248552646,173355174,4826506,173322878			https://catalog.hathitrust.org/Record/007119315	https://hdl.handle.net/2027/uc1.b2940131
uc1.b2940132	Parliamentary debates (Hansard) SEPT. 15-OCT. 20 1972	New Zealand. Parliament	1972-00-00	17	248552646,173355174,4826506,173322878			https://catalog.hathitrust.org/Record/007119315	https://hdl.handle.net/2027/uc1.b2940132
uc1.b2940136	Parliamentary debates (Hansard) AUG. 1-SEPT. 13 1973	New Zealand. Parliament	1973-00-00	17	248552646,173355174,4826506,173322878			https://catalog.hathitrust.org/Record/007119315	https://hdl.handle.net/2027/uc1.b2940136
uc1.b2940135	Parliamentary debates (Hansard) JULY 3-31 1973	New Zealand. Parliament	1973-00-00	17	248552646,173355174,4826506,173322878			https://catalog.hathitrust.org/Record/007119315	https://hdl.handle.net/2027/uc1.b2940135
uc1.b2940134	Parliamentary debates (Hansard) JUNE 5-29 1973(V. 383)	New Zealand. Parliament	1973-00-00	17	248552646,173355174,4826506,173322878			https://catalog.hathitrust.org/Record/007119315	https://hdl.handle.net/2027/uc1.b2940134
uc1.b2940139	Parliamentary debates (Hansard) NOV. 8-23 1973	New Zealand. Parliament	1973-00-00	17	248552646,173355174,4826506,173322878			https://catalog.hathitrust.org/Record/007119315	https://hdl.handle.net/2027/uc1.b2940139
uc1.b2940137	Parliamentary debates (Hansard) SEPT. 14-OCT. 12 1973	New Zealand. Parliament	1973-00-00	17	248552646,173355174,4826506,173322878			https://catalog.hathitrust.org/Record/007119315	https://hdl.handle.net/2027/uc1.b2940137
uc1.b2940133	Parliamentary debates (Hansard) FEB. 14-MAR. 16 1973(V.382)	New Zealand. Parliament	1973-00-00	17	248552646,173355174,4826506,173322878			https://catalog.hathitrust.org/Record/007119315	https://hdl.handle.net/2027/uc1.b2940133
uc1.b2940138	Parliamentary debates (Hansard) OCT. 16-NOV. 7 1973	New Zealand. Parliament	1973-00-00	17	248552646,173355174,4826506,173322878			https://catalog.hathitrust.org/Record/007119315	https://hdl.handle.net/2027/uc1.b2940138
uc1.b2940144	Parliamentary debates (Hansard) AUG. 2-SEPT. 3 1974	New Zealand. Parliament	1974-00-00	17	248552646,173355174,4826506,173322878			https://catalog.hathitrust.org/Record/007119315	https://hdl.handle.net/2027/uc1.b2940144
uc1.b2940140	Parliamentary debates (Hansard) FEB. 4-MAR. 14 1974	New Zealand. Parliament	1974-00-00	17	248552646,173355174,4826506,173322878			https://catalog.hathitrust.org/Record/007119315	https://hdl.handle.net/2027/uc1.b2940140
uc1.b2940143	Parliamentary debates (Hansard) JULY 9-AUG. 1 1974	New Zealand. Parliament	1974-00-00	17	248552646,173355174,4826506,173322878			https://catalog.hathitrust.org/Record/007119315	https://hdl.handle.net/2027/uc1.b2940143
uc1.b2940142	Parliamentary debates (Hansard) JUNE 11-JULY 5 1974	New Zealand. Parliament	1974-00-00	17	248552646,173355174,4826506,173322878			https://catalog.hathitrust.org/Record/007119315	https://hdl.handle.net/2027/uc1.b2940142
uc1.b2940146	Parliamentary debates (Hansard) OCT. 11-NOV. 8 1974	New Zealand. Parliament	1974-00-00	17	248552646,173355174,4826506,173322878			https://catalog.hathitrust.org/Record/007119315	https://hdl.handle.net/2027/uc1.b2940146
uc1.b2940141	Parliamentary debates (Hansard) MAR. 15-JUNE 7 1974	New Zealand. Parliament	1974-00-00	17	248552646,173355174,4826506,173322878			https://catalog.hathitrust.org/Record/007119315	https://hdl.handle.net/2027/uc1.b2940141
uc1.b2940145	Parliamentary debates (Hansard) SEPT. 17-OCT. 10 1974	New Zealand. Parliament	1974-00-00	17	248552646,173355174,4826506,173322878			https://catalog.hathitrust.org/Record/007119315	https://hdl.handle.net/2027/uc1.b2940145
uc1.b2940152	Parliamentary debates (Hansard) SEPT. 2-26 1975	New Zealand. Parliament	1975-00-00	17	248552646,173355174,4826506,173322878			https://catalog.hathitrust.org/Record/007119315	https://hdl.handle.net/2027/uc1.b2940152
uc1.b2940149	Parliamentary debates (Hansard) JUNE 3-24 1975	New Zealand. Parliament	1975-00-00	17	248552646,173355174,4826506,173322878			https://catalog.hathitrust.org/Record/007119315	https://hdl.handle.net/2027/uc1.b2940149
uc1.b2940151	Parliamentary debates (Hansard) JULY 23-AUG. 29 1975	New Zealand. Parliament	1975-00-00	17	248552646,173355174,4826506,173322878			https://catalog.hathitrust.org/Record/007119315	https://hdl.handle.net/2027/uc1.b2940151
uc1.b2940147	Parliamentary debates (Hansard) MAR. 24-APR. 23 1975	New Zealand. Parliament	1975-00-00	17	248552646,173355174,4826506,173322878			https://catalog.hathitrust.org/Record/007119315	https://hdl.handle.net/2027/uc1.b2940147
uc1.b2940148	Parliamentary debates (Hansard) APR.24-MAY 30 1975	New Zealand. Parliament	1975-00-00	17	248552646,173355174,4826506,173322878			https://catalog.hathitrust.org/Record/007119315	https://hdl.handle.net/2027/uc1.b2940148
uc1.b2940150	Parliamentary debates (Hansard) JUNE 25-JULY 26 1975	New Zealand. Parliament	1975-00-00	17	248552646,173355174,4826506,173322878			https://catalog.hathitrust.org/Record/007119315	https://hdl.handle.net/2027/uc1.b2940150
uc1.b2940153	Parliamentary debates (Hansard) SEPT. 30-OCT. 10 1975	New Zealand. Parliament	1975-00-00	17	248552646,173355174,4826506,173322878			https://catalog.hathitrust.org/Record/007119315	https://hdl.handle.net/2027/uc1.b2940153
uc1.b2940157	Parliamentary debates (Hansard) SEPT. 8-OCT. 13 1976	New Zealand. Parliament	1976-00-00	17	248552646,173355174,4826506,173322878			https://catalog.hathitrust.org/Record/007119315	https://hdl.handle.net/2027/uc1.b2940157
uc1.b2940156	Parliamentary debates (Hansard) AUG. 12-SEPT. 7 1976	New Zealand. Parliament	1976-00-00	17	248552646,173355174,4826506,173322878			https://catalog.hathitrust.org/Record/007119315	https://hdl.handle.net/2027/uc1.b2940156
uc1.b2940158	Parliamentary debates (Hansard) OCT. 14-NOV. 13 1976	New Zealand. Parliament	1976-00-00	17	248552646,173355174,4826506,173322878			https://catalog.hathitrust.org/Record/007119315	https://hdl.handle.net/2027/uc1.b2940158
uc1.b2940159	Parliamentary debates (Hansard) NOV. 16-DEC. 14 1976	New Zealand. Parliament	1976-00-00	17	248552646,173355174,4826506,173322878			https://catalog.hathitrust.org/Record/007119315	https://hdl.handle.net/2027/uc1.b2940159
uc1.b2940155	Parliamentary debates (Hansard) JULY 21-AUG. 11 1976	New Zealand. Parliament	1976-00-00	17	248552646,173355174,4826506,173322878			https://catalog.hathitrust.org/Record/007119315	https://hdl.handle.net/2027/uc1.b2940155
uc1.b2940154	Parliamentary debates (Hansard) JUNE 22-JULY 20 1976	New Zealand. Parliament	1976-00-00	17	248552646,173355174,4826506,173322878			https://catalog.hathitrust.org/Record/007119315	https://hdl.handle.net/2027/uc1.b2940154
uc1.b2940162	Parliamentary debates (Hansard) JUNE 17-JULY 21 1977	New Zealand. Parliament	1977-00-00	17	248552646,173355174,4826506,173322878			https://catalog.hathitrust.org/Record/007119315	https://hdl.handle.net/2027/uc1.b2940162
uc1.b2940161	Parliamentary debates (Hansard) MAY 19-JUNE 16 1977	New Zealand. Parliament	1977-00-00	17	248552646,173355174,4826506,173322878			https://catalog.hathitrust.org/Record/007119315	https://hdl.handle.net/2027/uc1.b2940161
uc1.b2940163	Parliamentary debates (Hansard) JULY 22-AUG. 19 1977	New Zealand. Parliament	1977-00-00	17	248552646,173355174,4826506,173322878			https://catalog.hathitrust.org/Record/007119315	https://hdl.handle.net/2027/uc1.b2940163
uc1.b2940165	Parliamentary debates (Hansard) SEPT. 22-OCT. 25 1977	New Zealand. Parliament	1977-00-00	17	248552646,173355174,4826506,173322878			https://catalog.hathitrust.org/Record/007119315	https://hdl.handle.net/2027/uc1.b2940165
uc1.b2940167	Parliamentary debates (Hansard) NOV. 23-DEC. 16 1977	New Zealand. Parliament	1977-00-00	17	248552646,173355174,4826506,173322878			https://catalog.hathitrust.org/Record/007119315	https://hdl.handle.net/2027/uc1.b2940167
uc1.b2940164	Parliamentary debates (Hansard) AUG. 23 SEPT. 21 1977	New Zealand. Parliament	1977-00-00	17	248552646,173355174,4826506,173322878			https://catalog.hathitrust.org/Record/007119315	https://hdl.handle.net/2027/uc1.b2940164
uc1.b2940166	Parliamentary debates (Hansard) OCT. 26-NOV. 22 1977	New Zealand. Parliament	1977-00-00	17	248552646,173355174,4826506,173322878			https://catalog.hathitrust.org/Record/007119315	https://hdl.handle.net/2027/uc1.b2940166
uc1.b2940160	Parliamentary debates (Hansard) FEB. 28 1977	New Zealand. Parliament	1977-00-00	17	248552646,173355174,4826506,173322878			https://catalog.hathitrust.org/Record/007119315	https://hdl.handle.net/2027/uc1.b2940160
uc1.b3281372	Parliamentary debates (Hansard) MAY 10-OCT. 6 1978(V.421)	New Zealand. Parliament	1978-00-00	17	248552646,173355174,4826506,173322878			https://catalog.hathitrust.org/Record/007119315	https://hdl.handle.net/2027/uc1.b3281372
uc1.b2940168	Parliamentary debates (Hansard) MAY 10-JUNE 14 1978(v.417)	New Zealand. Parliament	1978-00-00	17	248552646,173355174,4826506,173322878			https://catalog.hathitrust.org/Record/007119315	https://hdl.handle.net/2027/uc1.b2940168
uc1.b3103121	Parliamentary debates (Hansard) JULY 13-AUG. 15 1978	New Zealand. Parliament	1978-00-00	17	248552646,173355174,4826506,173322878			https://catalog.hathitrust.org/Record/007119315	https://hdl.handle.net/2027/uc1.b3103121
uc1.b3103120	Parliamentary debates (Hansard) JUNE 15-JULY 12 1978	New Zealand. Parliament	1978-00-00	17	248552646,173355174,4826506,173322878			https://catalog.hathitrust.org/Record/007119315	https://hdl.handle.net/2027/uc1.b3103120
uc1.b3103122	Parliamentary debates (Hansard) AUG. 16-SEPT. 14 1978	New Zealand. Parliament	1978-00-00	17	248552646,173355174,4826506,173322878			https://catalog.hathitrust.org/Record/007119315	https://hdl.handle.net/2027/uc1.b3103122
uc1.b3281374	Parliamentary debates (Hansard) JUNE 15-JULY 13 1979(V. 423)	New Zealand. Parliament	1979-00-00	17	248552646,173355174,4826506,173322878			https://catalog.hathitrust.org/Record/007119315	https://hdl.handle.net/2027/uc1.b3281374
uc1.b3281373	Parliamentary debates (Hansard) MAY 16-JUNE 14 1979(V. 422)	New Zealand. Parliament	1979-00-00	17	248552646,173355174,4826506,173322878			https://catalog.hathitrust.org/Record/007119315	https://hdl.handle.net/2027/uc1.b3281373
uc1.b3281379	Parliamentary debates (Hansard) MAY 16-DEC. 14 1979(V. 422-428 INDEX)	New Zealand. Parliament	1979-00-00	17	248552646,173355174,4826506,173322878			https://catalog.hathitrust.org/Record/007119315	https://hdl.handle.net/2027/uc1.b3281379
uc1.b3281376	Parliamentary debates (Hansard) AUG. 16-SEPT. 20 1979(V. 425)	New Zealand. Parliament	1979-00-00	17	248552646,173355174,4826506,173322878			https://catalog.hathitrust.org/Record/007119315	https://hdl.handle.net/2027/uc1.b3281376
uc1.b3281375	Parliamentary debates (Hansard) JULY 17-AUG. 15 1979(V. 424)	New Zealand. Parliament	1979-00-00	17	248552646,173355174,4826506,173322878			https://catalog.hathitrust.org/Record/007119315	https://hdl.handle.net/2027/uc1.b3281375
uc1.b3281377	Parliamentary debates (Hansard) SEPT. 21-OCT. 25 1979(V. 426)	New Zealand. Parliament	1979-00-00	17	248552646,173355174,4826506,173322878			https://catalog.hathitrust.org/Record/007119315	https://hdl.handle.net/2027/uc1.b3281377
uc1.b3281378	Parliamentary debates (Hansard) OCT. 26-DEC. 6 1979(V. 427)	New Zealand. Parliament	1979-00-00	17	248552646,173355174,4826506,173322878			https://catalog.hathitrust.org/Record/007119315	https://hdl.handle.net/2027/uc1.b3281378
uc1.b3281385	Parliamentary debates (Hansard) OCT. 2-NOV. 5 1980(V. 434)	New Zealand. Parliament	1980-00-00	17	248552646,173355174,4826506,173322878			https://catalog.hathitrust.org/Record/007119315	https://hdl.handle.net/2027/uc1.b3281385
uc1.b3281386	Parliamentary debates (Hansard) NOV. 6-27 1980(V. 435)	New Zealand. Parliament	1980-00-00	17	248552646,173355174,4826506,173322878			https://catalog.hathitrust.org/Record/007119315	https://hdl.handle.net/2027/uc1.b3281386
uc1.b3281382	Parliamentary debates (Hansard) JULY 9-30 1980(V. 431)	New Zealand. Parliament	1980-00-00	17	248552646,173355174,4826506,173322878			https://catalog.hathitrust.org/Record/007119315	https://hdl.handle.net/2027/uc1.b3281382
uc1.b3281381	Parliamentary debates (Hansard) JUNE 12-JULY 8 1980(V. 430)	New Zealand. Parliament	1980-00-00	17	248552646,173355174,4826506,173322878			https://catalog.hathitrust.org/Record/007119315	https://hdl.handle.net/2027/uc1.b3281381
uc1.b3281380	Parliamentary debates (Hansard) MAY 15-JUNE 11 1980(V. 429)	New Zealand. Parliament	1980-00-00	17	248552646,173355174,4826506,173322878			https://catalog.hathitrust.org/Record/007119315	https://hdl.handle.net/2027/uc1.b3281380
uc1.b3281387	Parliamentary debates (Hansard) NOV. 28-DEC. 12 1980(V. 436)	New Zealand. Parliament	1980-00-00	17	248552646,173355174,4826506,173322878			https://catalog.hathitrust.org/Record/007119315	https://hdl.handle.net/2027/uc1.b3281387
uc1.b3281384	Parliamentary debates (Hansard) AUG. 29-OCT. 1 1980(V. 433)	New Zealand. Parliament	1980-00-00	17	248552646,173355174,4826506,173322878			https://catalog.hathitrust.org/Record/007119315	https://hdl.handle.net/2027/uc1.b3281384
uc1.b3281383	Parliamentary debates (Hansard) JULY 31-AUG. 28 1980(V. 432)	New Zealand. Parliament	1980-00-00	17	248552646,173355174,4826506,173322878			https://catalog.hathitrust.org/Record/007119315	https://hdl.handle.net/2027/uc1.b3281383
uc1.b3281392	Parliamentary debates (Hansard) SEPT. 10-OCT. 9 1981(V. 441)	New Zealand. Parliament	1981-00-00	17	248552646,173355174,4826506,173322878			https://catalog.hathitrust.org/Record/007119315	https://hdl.handle.net/2027/uc1.b3281392
uc1.b3281391	Parliamentary debates (Hansard) AUG. 11-SEPT. 9 1981(V. 440)	New Zealand. Parliament	1981-00-00	17	248552646,173355174,4826506,173322878			https://catalog.hathitrust.org/Record/007119315	https://hdl.handle.net/2027/uc1.b3281391
uc1.b3281393	Parliamentary debates (Hansard) OCT. 13-23 1981(V. 442)	New Zealand. Parliament	1981-00-00	17	248552646,173355174,4826506,173322878			https://catalog.hathitrust.org/Record/007119315	https://hdl.handle.net/2027/uc1.b3281393
uc1.b3281390	Parliamentary debates (Hansard) JULY 17-AUG. 7 1981(V. 439)	New Zealand. Parliament	1981-00-00	17	248552646,173355174,4826506,173322878			https://catalog.hathitrust.org/Record/007119315	https://hdl.handle.net/2027/uc1.b3281390
uc1.b3281389	Parliamentary debates (Hansard) JUNE 24-JULY 16 1981(V. 438)	New Zealand. Parliament	1981-00-00	17	248552646,173355174,4826506,173322878			https://catalog.hathitrust.org/Record/007119315	https://hdl.handle.net/2027/uc1.b3281389
uc1.b3281388	Parliamentary debates (Hansard) MAY 28-JUNE 23 1981(V. 437)	New Zealand. Parliament	1981-00-00	17	248552646,173355174,4826506,173322878			https://catalog.hathitrust.org/Record/007119315	https://hdl.handle.net/2027/uc1.b3281388
uc1.b3281396	Parliamentary debates (Hansard) AUG. 3-20 1982(V. 445)	New Zealand. Parliament	1982-00-00	17	248552646,173355174,4826506,173322878			https://catalog.hathitrust.org/Record/007119315	https://hdl.handle.net/2027/uc1.b3281396
uc1.b3281395	Parliamentary debates (Hansard) MAY 5-JULY 30 1982(V. 444)	New Zealand. Parliament	1982-00-00	17	248552646,173355174,4826506,173322878			https://catalog.hathitrust.org/Record/007119315	https://hdl.handle.net/2027/uc1.b3281395
uc1.b3281394	Parliamentary debates (Hansard) APR. 6-MAY 4 1982(V. 443)	New Zealand. Parliament	1982-00-00	17	248552646,173355174,4826506,173322878			https://catalog.hathitrust.org/Record/007119315	https://hdl.handle.net/2027/uc1.b3281394
uc1.b3281398	Parliamentary debates (Hansard) SEPT. 17-OCT. 15 1982(V. 447)	New Zealand. Parliament	1982-00-00	17	248552646,173355174,4826506,173322878			https://catalog.hathitrust.org/Record/007119315	https://hdl.handle.net/2027/uc1.b3281398
uc1.b3281399	Parliamentary debates (Hansard) OCT. 19-NOV. 26 1982(V. 448)	New Zealand. Parliament	1982-00-00	17	248552646,173355174,4826506,173322878			https://catalog.hathitrust.org/Record/007119315	https://hdl.handle.net/2027/uc1.b3281399
uc1.b3281397	Parliamentary debates (Hansard) AUG. 25-SEPT. 16 1982(V. 446)	New Zealand. Parliament	1982-00-00	17	248552646,173355174,4826506,173322878			https://catalog.hathitrust.org/Record/007119315	https://hdl.handle.net/2027/uc1.b3281397
uc1.b3281400	Parliamentary debates (Hansard) NOV. 30-DEC. 17 1982(V. 449)	New Zealand. Parliament	1982-00-00	17	248552646,173355174,4826506,173322878			https://catalog.hathitrust.org/Record/007119315	https://hdl.handle.net/2027/uc1.b3281400
uc1.b3281401	Parliamentary debates (Hansard) APR. 7-MAY 4 1983(V. 450)	New Zealand. Parliament	1983-00-00	17	248552646,173355174,4826506,173322878			https://catalog.hathitrust.org/Record/007119315	https://hdl.handle.net/2027/uc1.b3281401
uc1.b3281404	Parliamentary debates (Hansard) SEPT. 15-OCT. 20 1983(V. 453)	New Zealand. Parliament	1983-00-00	17	248552646,173355174,4826506,173322878			https://catalog.hathitrust.org/Record/007119315	https://hdl.handle.net/2027/uc1.b3281404
uc1.b3281403	Parliamentary debates (Hansard) AUG. 19-SEPT. 14 1983(V. 452)	New Zealand. Parliament	1983-00-00	17	248552646,173355174,4826506,173322878			https://catalog.hathitrust.org/Record/007119315	https://hdl.handle.net/2027/uc1.b3281403
uc1.b3281405	Parliamentary debates (Hansard) OCT. 21-NOV. 18 1983(V. 454)	New Zealand. Parliament	1983-00-00	17	248552646,173355174,4826506,173322878			https://catalog.hathitrust.org/Record/007119315	https://hdl.handle.net/2027/uc1.b3281405
uc1.b3281406	Parliamentary debates (Hansard) NOV. 22-DEC. 16 1983(V. 455)	New Zealand. Parliament	1983-00-00	17	248552646,173355174,4826506,173322878			https://catalog.hathitrust.org/Record/007119315	https://hdl.handle.net/2027/uc1.b3281406
uc1.b3281402	Parliamentary debates (Hansard) MAY 31-AUG. 18 1983(V. 451)	New Zealand. Parliament	1983-00-00	17	248552646,173355174,4826506,173322878			https://catalog.hathitrust.org/Record/007119315	https://hdl.handle.net/2027/uc1.b3281402
uc1.b3281409	Parliamentary debates (Hansard) OCT. 4-NOV. 3 1984(V. 458)	New Zealand. Parliament	1984-00-00	17	248552646,173355174,4826506,173322878			https://catalog.hathitrust.org/Record/007119315	https://hdl.handle.net/2027/uc1.b3281409
uc1.b3281410	Parliamentary debates (Hansard) NOV. 13-DEC. 5 1984(V. 459)	New Zealand. Parliament	1984-00-00	17	248552646,173355174,4826506,173322878			https://catalog.hathitrust.org/Record/007119315	https://hdl.handle.net/2027/uc1.b3281410
uc1.b3281408	Parliamentary debates (Hansard) AUG. 15-OCT. 3 1984(V. 457)	New Zealand. Parliament	1984-00-00	17	248552646,173355174,4826506,173322878			https://catalog.hathitrust.org/Record/007119315	https://hdl.handle.net/2027/uc1.b3281408
uc1.b3281407	Parliamentary debates (Hansard) MAY 31-JUNE 14 1984(V. 456)	New Zealand. Parliament	1984-00-00	17	248552646,173355174,4826506,173322878			https://catalog.hathitrust.org/Record/007119315	https://hdl.handle.net/2027/uc1.b3281407
uc1.b3281416	Parliamentary debates (Hansard) AUG. 6-SEPT. 12 1985(V. 465)	New Zealand. Parliament	1985-00-00	17	248552646,173355174,4826506,173322878			https://catalog.hathitrust.org/Record/007119315	https://hdl.handle.net/2027/uc1.b3281416
uc1.b3281411	Parliamentary debates (Hansard) DEC. 6 1984-FEB. 20 1985(V. 460)	New Zealand. Parliament	1985-00-00	17	248552646,173355174,4826506,173322878			https://catalog.hathitrust.org/Record/007119315	https://hdl.handle.net/2027/uc1.b3281411
uc1.b3281414	Parliamentary debates (Hansard) JUNE 11-JULY 11 1985(V. 463)	New Zealand. Parliament	1985-00-00	17	248552646,173355174,4826506,173322878			https://catalog.hathitrust.org/Record/007119315	https://hdl.handle.net/2027/uc1.b3281414
uc1.b3281415	Parliamentary debates (Hansard) JULY 12-26 1985(V. 464)	New Zealand. Parliament	1985-00-00	17	248552646,173355174,4826506,173322878			https://catalog.hathitrust.org/Record/007119315	https://hdl.handle.net/2027/uc1.b3281415
uc1.b3281412	Parliamentary debates (Hansard) FEB. 21-MAR. 21 1985(V. 461)	New Zealand. Parliament	1985-00-00	17	248552646,173355174,4826506,173322878			https://catalog.hathitrust.org/Record/007119315	https://hdl.handle.net/2027/uc1.b3281412
uc1.b3281413	Parliamentary debates (Hansard) MAR. 22-JUNE 7 1985(V. 462)	New Zealand. Parliament	1985-00-00	17	248552646,173355174,4826506,173322878			https://catalog.hathitrust.org/Record/007119315	https://hdl.handle.net/2027/uc1.b3281413
uc1.l0107625253	Parliamentary debates (Hansard) v.466 yr. 1985	New Zealand. Parliament	1985-00-00	17	248552646,173355174,4826506,173322878			https://catalog.hathitrust.org/Record/007119315	https://hdl.handle.net/2027/uc1.l0107625253
uc1.l0107625295	Parliamentary debates (Hansard) v.467 yr.1985	New Zealand. Parliament	1985-00-00	17	248552646,173355174,4826506,173322878			https://catalog.hathitrust.org/Record/007119315	https://hdl.handle.net/2027/uc1.l0107625295
uc1.l0107625279	Parliamentary debates (Hansard) v.468 yr.1985	New Zealand. Parliament	1985-00-00	17	248552646,173355174,4826506,173322878			https://catalog.hathitrust.org/Record/007119315	https://hdl.handle.net/2027/uc1.l0107625279
uc1.l0107625238	Parliamentary debates (Hansard) v.469 yr.1985	New Zealand. Parliament	1985-00-00	17	248552646,173355174,4826506,173322878			https://catalog.hathitrust.org/Record/007119315	https://hdl.handle.net/2027/uc1.l0107625238
uc1.l0107625196	Parliamentary debates (Hansard) v.470 yr.1985	New Zealand. Parliament	1985-00-00	17	248552646,173355174,4826506,173322878			https://catalog.hathitrust.org/Record/007119315	https://hdl.handle.net/2027/uc1.l0107625196
uc1.l0107625154	Parliamentary debates (Hansard) v.471 yr.1986	New Zealand. Parliament	1986-00-00	17	248552646,173355174,4826506,173322878			https://catalog.hathitrust.org/Record/007119315	https://hdl.handle.net/2027/uc1.l0107625154
uc1.l0107625071	Parliamentary debates (Hansard) v.472 yr.1986	New Zealand. Parliament	1986-00-00	17	248552646,173355174,4826506,173322878			https://catalog.hathitrust.org/Record/007119315	https://hdl.handle.net/2027/uc1.l0107625071
uc1.31158012952981	Parliamentary debates (Hansard) v.473 yr.1986	New Zealand. Parliament	1986-00-00	17	248552646,173355174,4826506,173322878			https://catalog.hathitrust.org/Record/007119315	https://hdl.handle.net/2027/uc1.31158012952981
uc1.l0107625113	Parliamentary debates (Hansard) v.474 yr.1986	New Zealand. Parliament	1986-00-00	17	248552646,173355174,4826506,173322878			https://catalog.hathitrust.org/Record/007119315	https://hdl.handle.net/2027/uc1.l0107625113
uc1.l0107625030	Parliamentary debates (Hansard) v.475 yr.1986	New Zealand. Parliament	1986-00-00	17	248552646,173355174,4826506,173322878			https://catalog.hathitrust.org/Record/007119315	https://hdl.handle.net/2027/uc1.l0107625030
uc1.l0107624991	Parliamentary debates (Hansard) v.476 yr. 1986	New Zealand. Parliament	1986-00-00	17	248552646,173355174,4826506,173322878			https://catalog.hathitrust.org/Record/007119315	https://hdl.handle.net/2027/uc1.l0107624991
uc1.l0107624959	Parliamentary debates (Hansard) v.477 yr.1986-87	New Zealand. Parliament	1987-00-00	17	248552646,173355174,4826506,173322878			https://catalog.hathitrust.org/Record/007119315	https://hdl.handle.net/2027/uc1.l0107624959
uc1.l0107624918	Parliamentary debates (Hansard) v.478 yr.1987	New Zealand. Parliament	1987-00-00	17	248552646,173355174,4826506,173322878			https://catalog.hathitrust.org/Record/007119315	https://hdl.handle.net/2027/uc1.l0107624918
uc1.l0107624876	Parliamentary debates (Hansard) v.479 yr.1987	New Zealand. Parliament	1987-00-00	17	248552646,173355174,4826506,173322878			https://catalog.hathitrust.org/Record/007119315	https://hdl.handle.net/2027/uc1.l0107624876
uc1.l0107624835	Parliamentary debates (Hansard) v.480 yr.1987	New Zealand. Parliament	1987-00-00	17	248552646,173355174,4826506,173322878			https://catalog.hathitrust.org/Record/007119315	https://hdl.handle.net/2027/uc1.l0107624835
uc1.l0107625261	Parliamentary debates (Hansard) v.481 yr.1987	New Zealand. Parliament	1987-00-00	17	248552646,173355174,4826506,173322878			https://catalog.hathitrust.org/Record/007119315	https://hdl.handle.net/2027/uc1.l0107625261
uc1.31158012809637	Parliamentary debates (Hansard) v.482 yr.1987	New Zealand. Parliament	1987-00-00	17	248552646,173355174,4826506,173322878			https://catalog.hathitrust.org/Record/007119315	https://hdl.handle.net/2027/uc1.31158012809637
uc1.31158012809553	Parliamentary debates (Hansard) v.483 yr.1987	New Zealand. Parliament	1987-00-00	17	248552646,173355174,4826506,173322878			https://catalog.hathitrust.org/Record/007119315	https://hdl.handle.net/2027/uc1.31158012809553
uc1.31158012945092	Parliamentary debates (Hansard) v.484 yr.1987	New Zealand. Parliament	1987-00-00	17	248552646,173355174,4826506,173322878			https://catalog.hathitrust.org/Record/007119315	https://hdl.handle.net/2027/uc1.31158012945092
uc1.31158013002349	Parliamentary debates (Hansard) v.485 yr.1987	New Zealand. Parliament	1987-00-00	17	248552646,173355174,4826506,173322878			https://catalog.hathitrust.org/Record/007119315	https://hdl.handle.net/2027/uc1.31158013002349
uc1.31158013135412	Parliamentary debates (Hansard) v.486 yr.1988	New Zealand. Parliament	1988-00-00	17	248552646,173355174,4826506,173322878			https://catalog.hathitrust.org/Record/007119315	https://hdl.handle.net/2027/uc1.31158013135412
uc1.31158013135339	Parliamentary debates (Hansard) v.487 yr.1988	New Zealand. Parliament	1988-00-00	17	248552646,173355174,4826506,173322878			https://catalog.hathitrust.org/Record/007119315	https://hdl.handle.net/2027/uc1.31158013135339
uc1.31158012999891	Parliamentary debates (Hansard) v.488 yr.1988	New Zealand. Parliament	1988-00-00	17	248552646,173355174,4826506,173322878			https://catalog.hathitrust.org/Record/007119315	https://hdl.handle.net/2027/uc1.31158012999891
uc1.31158012999974	Parliamentary debates (Hansard) v.489 yr.1988	New Zealand. Parliament	1988-00-00	17	248552646,173355174,4826506,173322878			https://catalog.hathitrust.org/Record/007119315	https://hdl.handle.net/2027/uc1.31158012999974
uc1.31158013000053	Parliamentary debates (Hansard) v.490 yr.1988	New Zealand. Parliament	1988-00-00	17	248552646,173355174,4826506,173322878			https://catalog.hathitrust.org/Record/007119315	https://hdl.handle.net/2027/uc1.31158013000053
uc1.31158013293591	Parliamentary debates (Hansard) v.491 yr.1988	New Zealand. Parliament	1988-00-00	17	248552646,173355174,4826506,173322878			https://catalog.hathitrust.org/Record/007119315	https://hdl.handle.net/2027/uc1.31158013293591
uc1.l0053523742	Parliamentary debates (Hansard) v.492 yr.1988	New Zealand. Parliament	1988-00-00	17	248552646,173355174,4826506,173322878			https://catalog.hathitrust.org/Record/007119315	https://hdl.handle.net/2027/uc1.l0053523742
uc1.l0053523734	Parliamentary debates (Hansard) v.493 yr.1988	New Zealand. Parliament	1988-00-00	17	248552646,173355174,4826506,173322878			https://catalog.hathitrust.org/Record/007119315	https://hdl.handle.net/2027/uc1.l0053523734
uc1.l0053514766	Parliamentary debates (Hansard) v.494 yr.1988	New Zealand. Parliament	1988-00-00	17	248552646,173355174,4826506,173322878			https://catalog.hathitrust.org/Record/007119315	https://hdl.handle.net/2027/uc1.l0053514766
uc1.l0053526778	Parliamentary debates (Hansard) v.495 yr.1988	New Zealand. Parliament	1988-00-00	17	248552646,173355174,4826506,173322878			https://catalog.hathitrust.org/Record/007119315	https://hdl.handle.net/2027/uc1.l0053526778
uc1.l0078383692	Parliamentary debates (Hansard) INDEX: v.496-504 yr.1989 mi.index	New Zealand. Parliament	1989-00-00	17	248552646,173355174,4826506,173322878			https://catalog.hathitrust.org/Record/007119315	https://hdl.handle.net/2027/uc1.l0078383692
uc1.l0053526786	Parliamentary debates (Hansard) v.496 yr.1989	New Zealand. Parliament	1989-00-00	17	248552646,173355174,4826506,173322878			https://catalog.hathitrust.org/Record/007119315	https://hdl.handle.net/2027/uc1.l0053526786
uc1.l0053526703	Parliamentary debates (Hansard) v.497 yr.1989	New Zealand. Parliament	1989-00-00	17	248552646,173355174,4826506,173322878			https://catalog.hathitrust.org/Record/007119315	https://hdl.handle.net/2027/uc1.l0053526703
uc1.l0053526695	Parliamentary debates (Hansard) v.498 yr.1989	New Zealand. Parliament	1989-00-00	17	248552646,173355174,4826506,173322878			https://catalog.hathitrust.org/Record/007119315	https://hdl.handle.net/2027/uc1.l0053526695
uc1.l0053527818	Parliamentary debates (Hansard) v.499 yr.1989	New Zealand. Parliament	1989-00-00	17	248552646,173355174,4826506,173322878			https://catalog.hathitrust.org/Record/007119315	https://hdl.handle.net/2027/uc1.l0053527818
uc1.l0053547766	Parliamentary debates (Hansard) v.500 yr.1989	New Zealand. Parliament	1989-00-00	17	248552646,173355174,4826506,173322878			https://catalog.hathitrust.org/Record/007119315	https://hdl.handle.net/2027/uc1.l0053547766
uc1.l0053547840	Parliamentary debates (Hansard) v.501 yr.1989	New Zealand. Parliament	1989-00-00	17	248552646,173355174,4826506,173322878			https://catalog.hathitrust.org/Record/007119315	https://hdl.handle.net/2027/uc1.l0053547840
uc1.l0053560298	Parliamentary debates (Hansard) v.502 yr.1989	New Zealand. Parliament	1989-00-00	17	248552646,173355174,4826506,173322878			https://catalog.hathitrust.org/Record/007119315	https://hdl.handle.net/2027/uc1.l0053560298
uc1.l0053560371	Parliamentary debates (Hansard) v.503 yr.1989	New Zealand. Parliament	1989-00-00	17	248552646,173355174,4826506,173322878			https://catalog.hathitrust.org/Record/007119315	https://hdl.handle.net/2027/uc1.l0053560371
uc1.l0053560447	Parliamentary debates (Hansard) v.504 yr.1989	New Zealand. Parliament	1989-00-00	17	248552646,173355174,4826506,173322878			https://catalog.hathitrust.org/Record/007119315	https://hdl.handle.net/2027/uc1.l0053560447
uc1.l0053560215	Parliamentary debates (Hansard) v.505 yr.1989	New Zealand. Parliament	1989-00-00	17	248552646,173355174,4826506,173322878			https://catalog.hathitrust.org/Record/007119315	https://hdl.handle.net/2027/uc1.l0053560215
uc1.l0053564050	Parliamentary debates (Hansard) v.506 yr.1990	New Zealand. Parliament	1990-00-00	17	248552646,173355174,4826506,173322878			https://catalog.hathitrust.org/Record/007119315	https://hdl.handle.net/2027/uc1.l0053564050
uc1.l0062980958	Parliamentary debates (Hansard) v.507 yr.1990	New Zealand. Parliament	1990-00-00	17	248552646,173355174,4826506,173322878			https://catalog.hathitrust.org/Record/007119315	https://hdl.handle.net/2027/uc1.l0062980958
uc1.32106019841334	Parliamentary debates v.280	New Zealand. Parliament.	1854-00-00	17	173322878			https://catalog.hathitrust.org/Record/007119315	https://hdl.handle.net/2027/uc1.32106019841334
uc1.32106019841367	Parliamentary debates v.283	New Zealand. Parliament.	1854-00-00	17	173322878			https://catalog.hathitrust.org/Record/007119315	https://hdl.handle.net/2027/uc1.32106019841367
uc1.32106019841383	Parliamentary debates v.285	New Zealand. Parliament.	1854-00-00	17	173322878			https://catalog.hathitrust.org/Record/007119315	https://hdl.handle.net/2027/uc1.32106019841383
uc1.32106019841391	Parliamentary debates v.286	New Zealand. Parliament.	1854-00-00	17	173322878			https://catalog.hathitrust.org/Record/007119315	https://hdl.handle.net/2027/uc1.32106019841391
uc1.32106019841409	Parliamentary debates v.287	New Zealand. Parliament.	1854-00-00	17	173322878			https://catalog.hathitrust.org/Record/007119315	https://hdl.handle.net/2027/uc1.32106019841409
uc1.32106019841425	Parliamentary debates v.289	New Zealand. Parliament.	1854-00-00	17	173322878			https://catalog.hathitrust.org/Record/007119315	https://hdl.handle.net/2027/uc1.32106019841425
uc1.32106019841433	Parliamentary debates v.290	New Zealand. Parliament.	1854-00-00	17	173322878			https://catalog.hathitrust.org/Record/007119315	https://hdl.handle.net/2027/uc1.32106019841433
uc1.32106019841441	Parliamentary debates 291	New Zealand. Parliament.	1854-00-00	17	173322878			https://catalog.hathitrust.org/Record/007119315	https://hdl.handle.net/2027/uc1.32106019841441
uc1.32106019841490	Parliamentary debates v.292	New Zealand. Parliament.	1854-00-00	17	173322878			https://catalog.hathitrust.org/Record/007119315	https://hdl.handle.net/2027/uc1.32106019841490
uc1.32106019841607	Parliamentary debates v.302	New Zealand. Parliament.	1854-00-00	17	173322878			https://catalog.hathitrust.org/Record/007119315	https://hdl.handle.net/2027/uc1.32106019841607
uc1.32106019841706	Parliamentary debates v.313	New Zealand. Parliament.	1854-00-00	17	173322878			https://catalog.hathitrust.org/Record/007119315	https://hdl.handle.net/2027/uc1.32106019841706
uc1.32106019841797	Parliamentary debates v.322	New Zealand. Parliament.	1854-00-00	17	173322878			https://catalog.hathitrust.org/Record/007119315	https://hdl.handle.net/2027/uc1.32106019841797
uc1.32106019841821	Parliamentary debates v.325	New Zealand. Parliament.	1854-00-00	17	173322878			https://catalog.hathitrust.org/Record/007119315	https://hdl.handle.net/2027/uc1.32106019841821
uc1.32106019841854	Parliamentary debates v.329	New Zealand. Parliament.	1854-00-00	17	173322878			https://catalog.hathitrust.org/Record/007119315	https://hdl.handle.net/2027/uc1.32106019841854
uc1.32106019841896	Parliamentary debates v.333	New Zealand. Parliament.	1854-00-00	17	173322878			https://catalog.hathitrust.org/Record/007119315	https://hdl.handle.net/2027/uc1.32106019841896
uc1.32106019740254	Parliamentary debates v.3 1868	New Zealand. Parliament.	1868-00-00	17	173322878			https://catalog.hathitrust.org/Record/007119315	https://hdl.handle.net/2027/uc1.32106019740254
uc1.32106019740262	Parliamentary debates v.4 1868	New Zealand. Parliament.	1868-00-00	17	173322878			https://catalog.hathitrust.org/Record/007119315	https://hdl.handle.net/2027/uc1.32106019740262
uc1.32106019740288	Parliamentary debates v.6 1869	New Zealand. Parliament.	1869-00-00	17	173322878			https://catalog.hathitrust.org/Record/007119315	https://hdl.handle.net/2027/uc1.32106019740288
uc1.32106019740338	Parliamentary debates v.12 1872	New Zealand. Parliament.	1872-00-00	17	173322878			https://catalog.hathitrust.org/Record/007119315	https://hdl.handle.net/2027/uc1.32106019740338
uc1.32106019740353	Parliamentary debates v.14  1873	New Zealand. Parliament.	1873-00-00	17	173322878			https://catalog.hathitrust.org/Record/007119315	https://hdl.handle.net/2027/uc1.32106019740353
uc1.32106019787131	Parliamentary debates v.15 1873	New Zealand. Parliament.	1873-00-00	17	173322878			https://catalog.hathitrust.org/Record/007119315	https://hdl.handle.net/2027/uc1.32106019787131
uc1.32106019787156	Parliamentary debates v.18 1875	New Zealand. Parliament.	1875-00-00	17	173322878			https://catalog.hathitrust.org/Record/007119315	https://hdl.handle.net/2027/uc1.32106019787156
uc1.32106019787172	Parliamentary debates v.20 1876	New Zealand. Parliament.	1876-00-00	17	173322878			https://catalog.hathitrust.org/Record/007119315	https://hdl.handle.net/2027/uc1.32106019787172
uc1.32106019787222	Parliamentary debates v.25 1877	New Zealand. Parliament.	1877-00-00	17	173322878			https://catalog.hathitrust.org/Record/007119315	https://hdl.handle.net/2027/uc1.32106019787222
uc1.32106019787248	Parliamentary debates v.28 1878	New Zealand. Parliament.	1878-00-00	17	173322878			https://catalog.hathitrust.org/Record/007119315	https://hdl.handle.net/2027/uc1.32106019787248
uc1.32106019787255	Parliamentary debates v.29 1878	New Zealand. Parliament.	1878-00-00	17	173322878			https://catalog.hathitrust.org/Record/007119315	https://hdl.handle.net/2027/uc1.32106019787255
uc1.32106019787263	Parliamentary debates v.30 1878	New Zealand. Parliament.	1878-00-00	17	173322878			https://catalog.hathitrust.org/Record/007119315	https://hdl.handle.net/2027/uc1.32106019787263
uc1.32106019787271	Parliamentary debates v.31 1879	New Zealand. Parliament.	1879-00-00	17	173322878			https://catalog.hathitrust.org/Record/007119315	https://hdl.handle.net/2027/uc1.32106019787271
uc1.32106019787289	Parliamentary debates v.35 1880	New Zealand. Parliament.	1880-00-00	17	173322878			https://catalog.hathitrust.org/Record/007119315	https://hdl.handle.net/2027/uc1.32106019787289
uc1.32106019787321	Parliamentary debates v.36 1880	New Zealand. Parliament.	1880-00-00	17	173322878			https://catalog.hathitrust.org/Record/007119315	https://hdl.handle.net/2027/uc1.32106019787321
uc1.32106019787347	Parliamentary debates v.39 1881	New Zealand. Parliament.	1881-00-00	17	173322878			https://catalog.hathitrust.org/Record/007119315	https://hdl.handle.net/2027/uc1.32106019787347
uc1.32106019787396	Parliamentary debates v.44 1883	New Zealand. Parliament.	1883-00-00	17	173322878			https://catalog.hathitrust.org/Record/007119315	https://hdl.handle.net/2027/uc1.32106019787396
uc1.32106019787420	Parliamentary debates v.47 1884	New Zealand. Parliament.	1884-00-00	17	173322878			https://catalog.hathitrust.org/Record/007119315	https://hdl.handle.net/2027/uc1.32106019787420
uc1.32106019787529	Parliamentary debates v.57 1887	New Zealand. Parliament.	1887-00-00	17	173322878			https://catalog.hathitrust.org/Record/007119315	https://hdl.handle.net/2027/uc1.32106019787529
uc1.32106019787537	Parliamentary debates v.58 1887	New Zealand. Parliament.	1887-00-00	17	173322878			https://catalog.hathitrust.org/Record/007119315	https://hdl.handle.net/2027/uc1.32106019787537
uc1.32106019787545	Parliamentary debates v.60 1888	New Zealand. Parliament.	1888-00-00	17	173322878			https://catalog.hathitrust.org/Record/007119315	https://hdl.handle.net/2027/uc1.32106019787545
uc1.32106019787552	Parliamentary debates v.61 1888	New Zealand. Parliament.	1888-00-00	17	173322878			https://catalog.hathitrust.org/Record/007119315	https://hdl.handle.net/2027/uc1.32106019787552
uc1.32106019787560	Parliamentary debates v.62 1888	New Zealand. Parliament.	1888-00-00	17	173322878			https://catalog.hathitrust.org/Record/007119315	https://hdl.handle.net/2027/uc1.32106019787560
uc1.32106019787578	Parliamentary debates v.63 1888	New Zealand. Parliament.	1888-00-00	17	173322878			https://catalog.hathitrust.org/Record/007119315	https://hdl.handle.net/2027/uc1.32106019787578
uc1.32106019787644	Parliamentary debates v.70-71 1891	New Zealand. Parliament.	1891-00-00	17	173322878			https://catalog.hathitrust.org/Record/007119315	https://hdl.handle.net/2027/uc1.32106019787644
uc1.32106019787651	Parliamentary debates v.72 1891	New Zealand. Parliament.	1891-00-00	17	173322878			https://catalog.hathitrust.org/Record/007119315	https://hdl.handle.net/2027/uc1.32106019787651
uc1.32106019787693	Parliamentary debates v.76 1892	New Zealand. Parliament.	1892-00-00	17	173322878			https://catalog.hathitrust.org/Record/007119315	https://hdl.handle.net/2027/uc1.32106019787693
uc1.32106019787719	Parliamentary debates v.78 1892	New Zealand. Parliament.	1892-00-00	17	173322878			https://catalog.hathitrust.org/Record/007119315	https://hdl.handle.net/2027/uc1.32106019787719
uc1.32106019787727	Parliamentary debates v.79 1893	New Zealand. Parliament.	1893-00-00	17	173322878			https://catalog.hathitrust.org/Record/007119315	https://hdl.handle.net/2027/uc1.32106019787727
uc1.32106019787925	Parliamentary debates v.83 1894	New Zealand. Parliament.	1894-00-00	17	173322878			https://catalog.hathitrust.org/Record/007119315	https://hdl.handle.net/2027/uc1.32106019787925
uc1.32106019787933	Parliamentary debates v.84 1894	New Zealand. Parliament.	1894-00-00	17	173322878			https://catalog.hathitrust.org/Record/007119315	https://hdl.handle.net/2027/uc1.32106019787933
uc1.32106019787941	Parliamentary debates v.85 1894	New Zealand. Parliament.	1894-00-00	17	173322878			https://catalog.hathitrust.org/Record/007119315	https://hdl.handle.net/2027/uc1.32106019787941
uc1.32106019787958	Parliamentary debates v.86 1894	New Zealand. Parliament.	1894-00-00	17	173322878			https://catalog.hathitrust.org/Record/007119315	https://hdl.handle.net/2027/uc1.32106019787958
uc1.32106019787966	Parliamentary debates v.87 1895	New Zealand. Parliament.	1895-00-00	17	173322878			https://catalog.hathitrust.org/Record/007119315	https://hdl.handle.net/2027/uc1.32106019787966
uc1.32106019787974	Parliamentary debates v.88 1895	New Zealand. Parliament.	1895-00-00	17	173322878			https://catalog.hathitrust.org/Record/007119315	https://hdl.handle.net/2027/uc1.32106019787974
uc1.32106019787982	Parliamentary debates v.89 1895	New Zealand. Parliament.	1895-00-00	17	173322878			https://catalog.hathitrust.org/Record/007119315	https://hdl.handle.net/2027/uc1.32106019787982
uc1.32106019788014	Parliamentary debates v.92 1896	New Zealand. Parliament.	1896-00-00	17	173322878			https://catalog.hathitrust.org/Record/007119315	https://hdl.handle.net/2027/uc1.32106019788014
uc1.32106019788022	Parliamentary debates v.93 1896	New Zealand. Parliament.	1896-00-00	17	173322878			https://catalog.hathitrust.org/Record/007119315	https://hdl.handle.net/2027/uc1.32106019788022
uc1.32106019788048	Parliamentary debates v.95 1896	New Zealand. Parliament.	1896-00-00	17	173322878			https://catalog.hathitrust.org/Record/007119315	https://hdl.handle.net/2027/uc1.32106019788048
uc1.32106019788063	Parliamentary debates v.97-98 1897	New Zealand. Parliament.	1897-00-00	17	173322878			https://catalog.hathitrust.org/Record/007119315	https://hdl.handle.net/2027/uc1.32106019788063
uc1.32106019788071	Parliamentary debates v.99 1897	New Zealand. Parliament.	1897-00-00	17	173322878			https://catalog.hathitrust.org/Record/007119315	https://hdl.handle.net/2027/uc1.32106019788071
uc1.32106019788089	Parliamentary debates v.100 1897	New Zealand. Parliament.	1897-00-00	17	173322878			https://catalog.hathitrust.org/Record/007119315	https://hdl.handle.net/2027/uc1.32106019788089
uc1.32106019788097	Parliamentary debates v.101 1898	New Zealand. Parliament.	1898-00-00	17	173322878			https://catalog.hathitrust.org/Record/007119315	https://hdl.handle.net/2027/uc1.32106019788097
uc1.32106019788105	Parliamentary debates v.102 1898	New Zealand. Parliament.	1898-00-00	17	173322878			https://catalog.hathitrust.org/Record/007119315	https://hdl.handle.net/2027/uc1.32106019788105
uc1.32106019788113	Parliamentary debates v.103 1898	New Zealand. Parliament.	1898-00-00	17	173322878			https://catalog.hathitrust.org/Record/007119315	https://hdl.handle.net/2027/uc1.32106019788113
uc1.32106019788121	Parliamentary debates v.104 1898	New Zealand. Parliament.	1898-00-00	17	173322878			https://catalog.hathitrust.org/Record/007119315	https://hdl.handle.net/2027/uc1.32106019788121
uc1.32106019788139	Parliamentary debates v.105 1898	New Zealand. Parliament.	1898-00-00	17	173322878			https://catalog.hathitrust.org/Record/007119315	https://hdl.handle.net/2027/uc1.32106019788139
uc1.32106019788154	Parliamentary debates v.108 1899	New Zealand. Parliament.	1899-00-00	17	173322878			https://catalog.hathitrust.org/Record/007119315	https://hdl.handle.net/2027/uc1.32106019788154
uc1.32106019788162	Parliamentary debates v.109 1899	New Zealand. Parliament.	1899-00-00	17	173322878			https://catalog.hathitrust.org/Record/007119315	https://hdl.handle.net/2027/uc1.32106019788162
uc1.32106019788196	Parliamentary debates v.112 1900	New Zealand. Parliament.	1900-00-00	17	173322878			https://catalog.hathitrust.org/Record/007119315	https://hdl.handle.net/2027/uc1.32106019788196
uc1.32106019788204	Parliamentary debates v.113 1900	New Zealand. Parliament.	1900-00-00	17	173322878			https://catalog.hathitrust.org/Record/007119315	https://hdl.handle.net/2027/uc1.32106019788204
uc1.32106019788238	Parliamentary debates v.116 1901	New Zealand. Parliament.	1901-00-00	17	173322878			https://catalog.hathitrust.org/Record/007119315	https://hdl.handle.net/2027/uc1.32106019788238
uc1.32106019788386	Parliamentary debates v.131 1904	New Zealand. Parliament.	1904-00-00	17	173322878			https://catalog.hathitrust.org/Record/007119315	https://hdl.handle.net/2027/uc1.32106019788386
uc1.32106019788444	Parliamentary debates v.138 1906	New Zealand. Parliament.	1906-00-00	17	173322878			https://catalog.hathitrust.org/Record/007119315	https://hdl.handle.net/2027/uc1.32106019788444
uc1.32106019788469	Parliamentary debates v.140 1907	New Zealand. Parliament.	1907-00-00	17	173322878			https://catalog.hathitrust.org/Record/007119315	https://hdl.handle.net/2027/uc1.32106019788469
uc1.32106011377394	Parliamentary debates v.142 1907	New Zealand. Parliament.	1907-00-00	17	173322878			https://catalog.hathitrust.org/Record/007119315	https://hdl.handle.net/2027/uc1.32106011377394
uc1.32106019788527	Parliamentary debates v.150 1910	New Zealand. Parliament.	1910-00-00	17	173322878			https://catalog.hathitrust.org/Record/007119315	https://hdl.handle.net/2027/uc1.32106019788527
uc1.32106019788543	Parliamentary debates v.152 1910	New Zealand. Parliament.	1910-00-00	17	173322878			https://catalog.hathitrust.org/Record/007119315	https://hdl.handle.net/2027/uc1.32106019788543
uc1.32106019788576	Parliamentary debates v.156 1911	New Zealand. Parliament.	1911-00-00	17	173322878			https://catalog.hathitrust.org/Record/007119315	https://hdl.handle.net/2027/uc1.32106019788576
uc1.32106019788584	Parliamentary debates v.157 1912	New Zealand. Parliament.	1912-00-00	17	173322878			https://catalog.hathitrust.org/Record/007119315	https://hdl.handle.net/2027/uc1.32106019788584
uc1.32106019788592	Parliamentary debates v.159 1912	New Zealand. Parliament.	1912-00-00	17	173322878			https://catalog.hathitrust.org/Record/007119315	https://hdl.handle.net/2027/uc1.32106019788592
uc1.32106019788790	Parliamentary debates v.180 1917	New Zealand. Parliament.	1917-00-00	17	173322878			https://catalog.hathitrust.org/Record/007119315	https://hdl.handle.net/2027/uc1.32106019788790
uc1.32106019788816	Parliamentary debates v.182 1918	New Zealand. Parliament.	1918-00-00	17	173322878			https://catalog.hathitrust.org/Record/007119315	https://hdl.handle.net/2027/uc1.32106019788816
uc1.32106019929105	Parliamentary debates v.191 1921	New Zealand. Parliament.	1921-00-00	17	173322878			https://catalog.hathitrust.org/Record/007119315	https://hdl.handle.net/2027/uc1.32106019929105
uc1.32106019929113	Parliamentary debates v.192 1921	New Zealand. Parliament.	1921-00-00	17	173322878			https://catalog.hathitrust.org/Record/007119315	https://hdl.handle.net/2027/uc1.32106019929113
uc1.32106019929147	Parliamentary debates v.195 1922	New Zealand. Parliament.	1922-00-00	17	173322878			https://catalog.hathitrust.org/Record/007119315	https://hdl.handle.net/2027/uc1.32106019929147
uc1.32106019929188	Parliamentary debates v.199 1923	New Zealand. Parliament.	1923-00-00	17	173322878			https://catalog.hathitrust.org/Record/007119315	https://hdl.handle.net/2027/uc1.32106019929188
uc1.32106019929196	Parliamentary debates v.200 1923	New Zealand. Parliament.	1923-00-00	17	173322878			https://catalog.hathitrust.org/Record/007119315	https://hdl.handle.net/2027/uc1.32106019929196
uc1.32106019929204	Parliamentary debates v.201 1923	New Zealand. Parliament.	1923-00-00	17	173322878			https://catalog.hathitrust.org/Record/007119315	https://hdl.handle.net/2027/uc1.32106019929204
uc1.32106019929212	Parliamentary debates v.202 1923	New Zealand. Parliament.	1923-00-00	17	173322878			https://catalog.hathitrust.org/Record/007119315	https://hdl.handle.net/2027/uc1.32106019929212
uc1.32106019929220	Parliamentary debates v.203 1924	New Zealand. Parliament.	1924-00-00	17	173322878			https://catalog.hathitrust.org/Record/007119315	https://hdl.handle.net/2027/uc1.32106019929220
uc1.32106019929253	Parliamentary debates v.207 1925	New Zealand. Parliament.	1925-00-00	17	173322878			https://catalog.hathitrust.org/Record/007119315	https://hdl.handle.net/2027/uc1.32106019929253
uc1.32106019929261	Parliamentary debates v.208 1925	New Zealand. Parliament.	1925-00-00	17	173322878			https://catalog.hathitrust.org/Record/007119315	https://hdl.handle.net/2027/uc1.32106019929261
uc1.32106019929279	Parliamentary debates v.209 1926	New Zealand. Parliament.	1926-00-00	17	173322878			https://catalog.hathitrust.org/Record/007119315	https://hdl.handle.net/2027/uc1.32106019929279
uc1.32106019929295	Parliamentary debates v.211 1926	New Zealand. Parliament.	1926-00-00	17	173322878			https://catalog.hathitrust.org/Record/007119315	https://hdl.handle.net/2027/uc1.32106019929295
uc1.32106019929337	Parliamentary debates v.215 1927	New Zealand. Parliament.	1927-00-00	17	173322878			https://catalog.hathitrust.org/Record/007119315	https://hdl.handle.net/2027/uc1.32106019929337
uc1.32106019929378	Parliamentary debates v.219 1928	New Zealand. Parliament.	1928-00-00	17	173322878			https://catalog.hathitrust.org/Record/007119315	https://hdl.handle.net/2027/uc1.32106019929378
uc1.32106019929386	Parliamentary debates v.220 1928	New Zealand. Parliament.	1928-00-00	17	173322878			https://catalog.hathitrust.org/Record/007119315	https://hdl.handle.net/2027/uc1.32106019929386
uc1.32106019929394	Parliamentary debates v.221 1929	New Zealand. Parliament.	1929-00-00	17	173322878			https://catalog.hathitrust.org/Record/007119315	https://hdl.handle.net/2027/uc1.32106019929394
uc1.32106019929436	Parliamentary debates v.224 1930	New Zealand. Parliament.	1930-00-00	17	173322878			https://catalog.hathitrust.org/Record/007119315	https://hdl.handle.net/2027/uc1.32106019929436
uc1.32106019929493	Parliamentary debates v.230 1931	New Zealand. Parliament.	1931-00-00	17	173322878			https://catalog.hathitrust.org/Record/007119315	https://hdl.handle.net/2027/uc1.32106019929493
uc1.32106019929550	Parliamentary debates v.236 1933	New Zealand. Parliament.	1933-00-00	17	173322878			https://catalog.hathitrust.org/Record/007119315	https://hdl.handle.net/2027/uc1.32106019929550
uc1.32106019929667	Parliamentary debates v.247 1936	New Zealand. Parliament.	1936-00-00	17	173322878			https://catalog.hathitrust.org/Record/007119315	https://hdl.handle.net/2027/uc1.32106019929667
uc1.32106019929683	Parliamentary debates v.249 1937	New Zealand. Parliament.	1937-00-00	17	173322878			https://catalog.hathitrust.org/Record/007119315	https://hdl.handle.net/2027/uc1.32106019929683
uc1.32106019929733	Parliamentary debates v.254 1939	New Zealand. Parliament.	1939-00-00	17	173322878			https://catalog.hathitrust.org/Record/007119315	https://hdl.handle.net/2027/uc1.32106019929733
uc1.32106019929758	Parliamentary debates v.256 1939	New Zealand. Parliament.	1939-00-00	17	173322878			https://catalog.hathitrust.org/Record/007119315	https://hdl.handle.net/2027/uc1.32106019929758
uc1.32106019929782	Parliamentary debates v.259 1941	New Zealand. Parliament.	1941-00-00	17	173322878			https://catalog.hathitrust.org/Record/007119315	https://hdl.handle.net/2027/uc1.32106019929782
uc1.32106019929808	Parliamentary debates v.262 1943	New Zealand. Parliament.	1943-00-00	17	173322878			https://catalog.hathitrust.org/Record/007119315	https://hdl.handle.net/2027/uc1.32106019929808
uc1.32106019929907	Parliamentary debates v.272 1945	New Zealand. Parliament.	1945-00-00	17	173322878			https://catalog.hathitrust.org/Record/007119315	https://hdl.handle.net/2027/uc1.32106019929907
uc1.32106019929949	Parliamentary debates v.276 1947	New Zealand. Parliament.	1947-00-00	17	173322878			https://catalog.hathitrust.org/Record/007119315	https://hdl.handle.net/2027/uc1.32106019929949
